latitude,longitude,Protocol,Address,capture_file,capture_time,IP,Country,City,District
40.028138757479,116.3085035364,https,北京市 北京市 海淀区 树村街 49号,pcap_data/223.104.41.173_capture_2024-05-23_19-29-03.pcap,2024-05-23_19-29-03,223.104.41.173,中国,北京市,海淀区
40.027847091075,116.3078054309,https,北京市 北京市 海淀区 树村中街 ,pcap_data/223.104.41.173_capture_2024-05-23_19-44-45.pcap,2024-05-23_19-44-45,223.104.41.173,中国,北京市,海淀区
40.027200687529,116.30865560894,https,北京市 北京市 海淀区 树村路 ,pcap_data/223.104.41.173_capture_2024-05-23_19-52-33.pcap,2024-05-23_19-52-33,223.104.41.173,中国,北京市,海淀区
40.027539421637,116.30865309108,https,北京市 北京市 海淀区 树村路 ,pcap_data/223.104.41.173_capture_2024-05-23_19-56-26.pcap,2024-05-23_19-56-26,223.104.41.173,中国,北京市,海淀区
40.029152869124,116.3082621863,https,北京市 北京市 海淀区 树村路 甲1号,pcap_data/223.104.41.173_capture_2024-05-23_19-57-33.pcap,2024-05-23_19-57-33,223.104.41.173,中国,北京市,海淀区
40.032267130498,116.31994929241,https,北京市 北京市 海淀区 信息路 38号,pcap_data/223.104.41.173_capture_2024-05-23_20-00-36.pcap,2024-05-23_20-00-36,223.104.41.173,中国,北京市,海淀区
40.035313747384,116.31811446892,https,北京市 北京市 海淀区 上地西路 8号院,pcap_data/223.104.41.173_capture_2024-05-23_20-05-35.pcap,2024-05-23_20-05-35,223.104.41.173,中国,北京市,海淀区
40.031748085021,116.31040619508,https,北京市 北京市 海淀区 农大南路 ,pcap_data/223.104.41.173_capture_2024-05-23_22-09-35.pcap,2024-05-23_22-09-35,223.104.41.173,中国,北京市,海淀区
40.031762561842,116.31043155955,https,北京市 北京市 海淀区 农大南路 ,pcap_data/223.104.41.173_capture_2024-05-23_22-10-48.pcap,2024-05-23_22-10-48,223.104.41.173,中国,北京市,海淀区
40.031710511189,116.3103363728,https,北京市 北京市 海淀区 农大南路 ,pcap_data/223.104.41.173_capture_2024-05-23_22-13-37.pcap,2024-05-23_22-13-37,223.104.41.173,中国,北京市,海淀区
40.03136462521,116.30777908885,https,北京市 北京市 海淀区 农大南路 33号3楼,pcap_data/223.104.41.173_capture_2024-05-23_22-18-55.pcap,2024-05-23_22-18-55,223.104.41.173,中国,北京市,海淀区
40.024286167478,116.31928972633,https,北京市 北京市 海淀区 滨河路 ,pcap_data/223.104.41.95_capture_2024-05-23_22-56-56.pcap,2024-05-23_22-56-56,223.104.41.95,中国,北京市,海淀区
40.027334910053,116.30741803134,https,北京市 北京市 海淀区 树村中街 ,pcap_data/223.104.41.95_capture_2024-05-23_23-29-35.pcap,2024-05-23_23-29-35,223.104.41.95,中国,北京市,海淀区
40.027448452358,116.30745638124,https,北京市 北京市 海淀区 树村中街 ,pcap_data/223.104.41.95_capture_2024-05-23_23-31-07.pcap,2024-05-23_23-31-07,223.104.41.95,中国,北京市,海淀区
40.028000894843,116.30795149957,https,北京市 北京市 海淀区 树村路 ,pcap_data/223.104.41.95_capture_2024-05-23_23-34-10.pcap,2024-05-23_23-34-10,223.104.41.95,中国,北京市,海淀区
40.029368395522,116.31464979729,https,北京市 北京市 海淀区  ,pcap_data/223.104.40.212_capture_2024-05-24_13-23-28.pcap,2024-05-24_13-23-28,223.104.40.212,中国,北京市,海淀区
40.000150293946,116.30206204499,https,北京市 北京市 海淀区 西苑桥 ,pcap_data/223.104.41.95_capture_2024-05-24_13-29-16.pcap,2024-05-24_13-29-16,223.104.41.95,中国,北京市,海淀区
39.991178419731,116.32239865868,https,北京市 北京市 海淀区 北四环西路辅路 ,pcap_data/223.104.41.95_capture_2024-05-24_13-35-15.pcap,2024-05-24_13-35-15,223.104.41.95,中国,北京市,海淀区
39.988524959469,116.34066549277,https,北京市 北京市 海淀区 中关村南二条 甲334楼-101号,pcap_data/223.104.41.95_capture_2024-05-24_13-39-21.pcap,2024-05-24_13-39-21,223.104.41.95,中国,北京市,海淀区
39.988481867498,116.34070597368,https,北京市 北京市 海淀区 中关村南二条 甲334楼-101号,pcap_data/223.104.41.95_capture_2024-05-24_13-40-54.pcap,2024-05-24_13-40-54,223.104.41.95,中国,北京市,海淀区
39.988625406948,116.34070222082,https,北京市 北京市 海淀区 中关村南二条 甲334楼-101号,pcap_data/223.104.41.95_capture_2024-05-24_13-41-40.pcap,2024-05-24_13-41-40,223.104.41.95,中国,北京市,海淀区
39.988625406948,116.34070222082,https,北京市 北京市 海淀区 中关村南二条 甲334楼-101号,pcap_data/223.104.41.95_capture_2024-05-24_13-42-14.pcap,2024-05-24_13-42-14,223.104.41.95,中国,北京市,海淀区
40.023344195657,116.29958655907,https,北京市 北京市 海淀区  ,pcap_data/223.104.40.212_capture_2024-05-24_13-45-49.pcap,2024-05-24_13-45-49,223.104.40.212,中国,北京市,海淀区
39.981998122678,116.3467386454,https,北京市 北京市 海淀区 知春路 42号,pcap_data/223.104.41.95_capture_2024-05-24_14-05-32.pcap,2024-05-24_14-05-32,223.104.41.95,中国,北京市,海淀区
39.981998122678,116.3467386454,https,北京市 北京市 海淀区 知春路 42号,pcap_data/223.104.41.95_capture_2024-05-24_14-05-56.pcap,2024-05-24_14-05-56,223.104.41.95,中国,北京市,海淀区
39.947812594082,116.3599782241,https,北京市 北京市 西城区 高粱桥路 6号,pcap_data/223.104.41.95_capture_2024-05-24_14-20-34.pcap,2024-05-24_14-20-34,223.104.41.95,中国,北京市,西城区
39.947812594082,116.3599782241,https,北京市 北京市 西城区 高粱桥路 6号,pcap_data/223.104.41.95_capture_2024-05-24_14-33-08.pcap,2024-05-24_14-33-08,223.104.41.95,中国,北京市,西城区
39.947812594082,116.3599782241,https,北京市 北京市 西城区 高粱桥路 6号,pcap_data/223.104.41.95_capture_2024-05-24_14-35-13.pcap,2024-05-24_14-35-13,223.104.41.95,中国,北京市,西城区
40.030352632951,116.30069670334,https,北京市 北京市 海淀区 农大南路 ,pcap_data/223.104.40.236_capture_2024-05-29_21-32-49.pcap,2024-05-29_21-32-49,223.104.40.236,中国,北京市,海淀区
40.02355536596,116.31053702768,https,北京市 北京市 海淀区 滨河路 ,pcap_data/223.104.40.236_capture_2024-05-30_18-12-40.pcap,2024-05-30_18-12-40,223.104.40.236,中国,北京市,海淀区
40.024435497841,116.31480179205,https,北京市 北京市 海淀区 滨河路 ,pcap_data/223.104.40.236_capture_2024-05-30_18-17-50.pcap,2024-05-30_18-17-50,223.104.40.236,中国,北京市,海淀区
40.024021873145,116.31949579,https,北京市 北京市 海淀区 滨河路 ,pcap_data/223.104.40.236_capture_2024-05-30_18-41-01.pcap,2024-05-30_18-41-01,223.104.40.236,中国,北京市,海淀区
40.024249816009,116.32286034019,https,北京市 北京市 海淀区 S50(厢白旗桥) ,pcap_data/223.104.40.236_capture_2024-05-30_18-46-14.pcap,2024-05-30_18-46-14,223.104.40.236,中国,北京市,海淀区
40.024995124135,116.32294746979,https,北京市 北京市 海淀区 滨河路 ,pcap_data/223.104.40.236_capture_2024-05-30_18-53-05.pcap,2024-05-30_18-53-05,223.104.40.236,中国,北京市,海淀区
40.025135079979,116.32160115912,https,北京市 北京市 海淀区 信息路 62号,pcap_data/223.104.40.236_capture_2024-05-30_18-59-21.pcap,2024-05-30_18-59-21,223.104.40.236,中国,北京市,海淀区
40.026087662592,116.3209869764,https,北京市 北京市 海淀区 信息路 58,pcap_data/223.104.40.236_capture_2024-05-30_19-00-24.pcap,2024-05-30_19-00-24,223.104.40.236,中国,北京市,海淀区
40.029915454712,116.32050040909,https,北京市 北京市 海淀区 信息路 ,pcap_data/223.104.40.236_capture_2024-05-30_19-02-44.pcap,2024-05-30_19-02-44,223.104.40.236,中国,北京市,海淀区
40.035470356283,116.32234670822,https,北京市 北京市 海淀区 上地南路 12-6号,pcap_data/223.104.40.236_capture_2024-05-30_20-59-58.pcap,2024-05-30_20-59-58,223.104.40.236,中国,北京市,海淀区
39.906253424372,116.38255120569,https,北京市 北京市 西城区 前门西大街 139号,pcap_data/223.104.40.236_capture_2024-05-31_16-42-17.pcap,2024-05-31_16-42-17,223.104.40.236,中国,北京市,西城区
39.906261111491,116.38275883663,https,北京市 北京市 西城区 前门西大街 137,pcap_data/223.104.40.236_capture_2024-05-31_16-43-54.pcap,2024-05-31_16-43-54,223.104.40.236,中国,北京市,西城区
39.906324147397,116.38359854548,https,北京市 北京市 西城区 前门西大街 乙135号,pcap_data/223.104.40.236_capture_2024-05-31_16-45-01.pcap,2024-05-31_16-45-01,223.104.40.236,中国,北京市,西城区
39.906373295467,116.38462769799,https,北京市 北京市 西城区 前门西大街 135号-东门,pcap_data/223.104.40.236_capture_2024-05-31_16-46-22.pcap,2024-05-31_16-46-22,223.104.40.236,中国,北京市,西城区
39.916699845525,116.38023875024,https,北京市 北京市 西城区 西单北大街 131号,pcap_data/223.104.40.236_capture_2024-05-31_21-42-12.pcap,2024-05-31_21-42-12,223.104.40.236,中国,北京市,西城区
39.916646389927,116.38035742146,https,北京市 北京市 西城区 西单北大街 148号,pcap_data/223.104.40.236_capture_2024-05-31_21-48-42.pcap,2024-05-31_21-48-42,223.104.40.236,中国,北京市,西城区
39.916650589375,116.3801091128,https,北京市 北京市 西城区 西单北大街 131号0405室,pcap_data/223.104.40.236_capture_2024-05-31_21-56-40.pcap,2024-05-31_21-56-40,223.104.40.236,中国,北京市,西城区
39.984655193451,116.34191807372,https,北京市 北京市 海淀区 中关村南四街 8号,pcap_data/223.104.40.236_capture_2024-05-31_22-59-40.pcap,2024-05-31_22-59-40,223.104.40.236,中国,北京市,海淀区
39.984747197987,116.3419730032,https,北京市 北京市 海淀区 中关村南四街 8号,pcap_data/223.104.40.236_capture_2024-05-31_23-00-47.pcap,2024-05-31_23-00-47,223.104.40.236,中国,北京市,海淀区
39.98718462229,116.34113512568,https,北京市 北京市 海淀区 中关村南四街 323号楼,pcap_data/223.104.40.236_capture_2024-05-31_23-06-21.pcap,2024-05-31_23-06-21,223.104.40.236,中国,北京市,海淀区
39.988515932657,116.3400335121,https,北京市 北京市 海淀区 中关村东路 91号,pcap_data/223.104.40.236_capture_2024-05-31_23-21-31.pcap,2024-05-31_23-21-31,223.104.40.236,中国,北京市,海淀区
39.988662889546,116.34009201139,https,北京市 北京市 海淀区 中关村东路 74号,pcap_data/223.104.40.236_capture_2024-05-31_23-22-40.pcap,2024-05-31_23-22-40,223.104.40.236,中国,北京市,海淀区
39.98854640647,116.34015204539,https,北京市 北京市 海淀区 中关村东路 78号,pcap_data/223.104.40.236_capture_2024-05-31_23-24-01.pcap,2024-05-31_23-24-01,223.104.40.236,中国,北京市,海淀区
39.99152671363,116.33986774468,https,北京市 北京市 海淀区 中关村东路 50号,pcap_data/223.104.40.236_capture_2024-05-31_23-26-22.pcap,2024-05-31_23-26-22,223.104.40.236,中国,北京市,海淀区
39.991771919424,116.33271514236,https,北京市 北京市 海淀区 北四环西路 19号,pcap_data/223.104.40.236_capture_2024-05-31_23-27-29.pcap,2024-05-31_23-27-29,223.104.40.236,中国,北京市,海淀区
39.993422070584,116.32284770231,https,北京市 北京市 海淀区 中关村北大街 166-2号,pcap_data/223.104.40.236_capture_2024-05-31_23-28-42.pcap,2024-05-31_23-28-42,223.104.40.236,中国,北京市,海淀区
40.028136729249,116.30847871157,https,北京市 北京市 海淀区 树村街 49号,pcap_data/223.104.40.236_capture_2024-06-01_19-28-54.pcap,2024-06-01_19-28-54,223.104.40.236,中国,北京市,海淀区
40.04094186103,116.3179579636,https,北京市 北京市 海淀区 信息路 甲28-3,pcap_data/223.104.41.12_capture_2024-06-03_00-13-23.pcap,2024-06-03_00-13-23,223.104.41.12,中国,北京市,海淀区
40.040734054682,116.31778204743,https,北京市 北京市 海淀区 信息路 甲28-4号,pcap_data/223.104.41.12_capture_2024-06-03_00-14-32.pcap,2024-06-03_00-14-32,223.104.41.12,中国,北京市,海淀区
39.933546257863,116.31701516375,https,北京市 北京市 海淀区 西三环北路 82-1号,pcap_data/223.104.40.175_capture_2024-06-03_18-15-57.pcap,2024-06-03_18-15-57,223.104.40.175,中国,北京市,海淀区
39.933501200957,116.31694201419,https,北京市 北京市 海淀区 西三环北路 82-1号,pcap_data/223.104.40.175_capture_2024-06-03_18-17-10.pcap,2024-06-03_18-17-10,223.104.40.175,中国,北京市,海淀区
39.933611953779,116.31692261959,https,北京市 北京市 海淀区 西三环北路 82-1号,pcap_data/223.104.40.175_capture_2024-06-03_18-18-17.pcap,2024-06-03_18-18-17,223.104.40.175,中国,北京市,海淀区
39.993165029712,116.32878233009,https,北京市 北京市 海淀区 北四环西路 33号-112房间,pcap_data/223.104.40.175_capture_2024-06-03_22-10-16.pcap,2024-06-03_22-10-16,223.104.40.175,中国,北京市,海淀区
39.993348436828,116.32898600971,https,北京市 北京市 海淀区 中关村北一条 甲15号,pcap_data/223.104.40.175_capture_2024-06-03_22-14-48.pcap,2024-06-03_22-14-48,223.104.40.175,中国,北京市,海淀区
39.990174155835,116.31315757978,https,北京市 北京市 海淀区 海淀西大街 48号,pcap_data/223.104.40.136_capture_2024-06-05_23-26-30.pcap,2024-06-05_23-26-30,223.104.40.136,中国,北京市,海淀区
39.990916421796,116.31262500587,https,北京市 北京市 海淀区 海淀大街 11号,pcap_data/223.104.40.136_capture_2024-06-05_23-30-16.pcap,2024-06-05_23-30-16,223.104.40.136,中国,北京市,海淀区
39.991716915195,116.31240084796,https,北京市 北京市 海淀区 海淀路 104号,pcap_data/223.104.40.136_capture_2024-06-05_23-32-19.pcap,2024-06-05_23-32-19,223.104.40.136,中国,北京市,海淀区
39.991686177362,116.31242076521,https,北京市 北京市 海淀区 海淀大街 36号522室,pcap_data/223.104.40.136_capture_2024-06-05_23-37-54.pcap,2024-06-05_23-37-54,223.104.40.136,中国,北京市,海淀区
40.030433034249,116.30147991749,https,北京市 北京市 海淀区 农大南路 43号,pcap_data/223.104.40.136_capture_2024-06-06_16-29-45.pcap,2024-06-06_16-29-45,223.104.40.136,中国,北京市,海淀区
40.031054129733,116.30652955035,https,北京市 北京市 海淀区 农大南路 88号二层,pcap_data/223.104.40.136_capture_2024-06-06_16-31-34.pcap,2024-06-06_16-31-34,223.104.40.136,中国,北京市,海淀区
40.036379009723,116.30585104737,https,北京市 北京市 海淀区 树村路 ,pcap_data/223.104.40.136_capture_2024-06-06_16-32-43.pcap,2024-06-06_16-32-43,223.104.40.136,中国,北京市,海淀区
40.039769515153,116.30486335629,https,北京市 北京市 海淀区 马连洼北路 1-2号院,pcap_data/223.104.40.136_capture_2024-06-06_16-33-48.pcap,2024-06-06_16-33-48,223.104.40.136,中国,北京市,海淀区
40.04142211848,116.31320751711,https,北京市 北京市 海淀区 上地西路 8号院D102,pcap_data/223.104.40.136_capture_2024-06-06_16-35-31.pcap,2024-06-06_16-35-31,223.104.40.136,中国,北京市,海淀区
40.044101963996,116.31601294576,https,北京市 北京市 海淀区 信息路 15号-1号,pcap_data/223.104.41.5_capture_2024-06-06_17-12-30.pcap,2024-06-06_17-12-30,223.104.41.5,中国,北京市,海淀区
40.041752151217,116.31409957032,https,北京市 北京市 海淀区 上地西路 8号院D102,pcap_data/223.104.40.234_capture_2024-06-06_20-02-32.pcap,2024-06-06_20-02-32,223.104.40.234,中国,北京市,海淀区
40.04122021713,116.31179495548,https,北京市 北京市 海淀区 马连洼北路 1号院-1号楼,pcap_data/223.104.40.234_capture_2024-06-06_20-03-54.pcap,2024-06-06_20-03-54,223.104.40.234,中国,北京市,海淀区
40.040779588055,116.30937665021,https,北京市 北京市 海淀区 马连洼北路 1号,pcap_data/223.104.40.234_capture_2024-06-06_20-05-10.pcap,2024-06-06_20-05-10,223.104.40.234,中国,北京市,海淀区
40.0345008416,116.30647424384,https,北京市 北京市 海淀区 树村路 ,pcap_data/223.104.40.234_capture_2024-06-06_20-11-06.pcap,2024-06-06_20-11-06,223.104.40.234,中国,北京市,海淀区
40.030572235437,116.3007662318,https,北京市 北京市 海淀区 农大南路 43号,pcap_data/223.104.40.234_capture_2024-06-06_20-25-52.pcap,2024-06-06_20-25-52,223.104.40.234,中国,北京市,海淀区
40.030601546615,116.3007860908,https,北京市 北京市 海淀区 农大南路 43号,pcap_data/223.104.40.234_capture_2024-06-06_20-28-07.pcap,2024-06-06_20-28-07,223.104.40.234,中国,北京市,海淀区
40.030038267762,116.29819774572,https,北京市 北京市 海淀区 农大南路 135号,pcap_data/223.104.40.234_capture_2024-06-06_20-32-33.pcap,2024-06-06_20-32-33,223.104.40.234,中国,北京市,海淀区
40.031213652035,116.30799010775,https,北京市 北京市 海淀区 农大南路 33号3楼,pcap_data/223.104.40.234_capture_2024-06-06_20-34-48.pcap,2024-06-06_20-34-48,223.104.40.234,中国,北京市,海淀区
40.031723684807,116.3135120391,https,北京市 北京市 海淀区 农大南路 ,pcap_data/223.104.40.234_capture_2024-06-06_20-35-53.pcap,2024-06-06_20-35-53,223.104.40.234,中国,北京市,海淀区
40.031723684807,116.3135120391,https,北京市 北京市 海淀区 农大南路 ,pcap_data/223.104.40.234_capture_2024-06-06_20-36-13.pcap,2024-06-06_20-36-13,223.104.40.234,中国,北京市,海淀区
40.032061870593,116.31969046216,https,北京市 北京市 海淀区 农大南路 118号,pcap_data/223.104.40.234_capture_2024-06-06_20-37-40.pcap,2024-06-06_20-37-40,223.104.40.234,中国,北京市,海淀区
40.034654667018,116.31989880086,https,北京市 北京市 海淀区 上地南路 14号院-1号楼-1门-103室,pcap_data/223.104.40.234_capture_2024-06-06_20-39-12.pcap,2024-06-06_20-39-12,223.104.40.234,中国,北京市,海淀区
40.038407784192,116.31874052132,https,北京市 北京市 海淀区 信息路 16号,pcap_data/223.104.40.234_capture_2024-06-06_20-40-50.pcap,2024-06-06_20-40-50,223.104.40.234,中国,北京市,海淀区
40.038331013284,116.31878698457,https,北京市 北京市 海淀区 上地信息路 16号3层,pcap_data/223.104.40.234_capture_2024-06-06_20-41-58.pcap,2024-06-06_20-41-58,223.104.40.234,中国,北京市,海淀区
40.035414496394,116.31830163287,https,北京市 北京市 海淀区 上地西路 8号院,pcap_data/223.104.40.234_capture_2024-06-06_20-52-50.pcap,2024-06-06_20-52-50,223.104.40.234,中国,北京市,海淀区
40.035011805825,116.31828588103,https,北京市 北京市 海淀区 农大南路 1号院-1号楼,pcap_data/223.104.40.234_capture_2024-06-06_20-56-43.pcap,2024-06-06_20-56-43,223.104.40.234,中国,北京市,海淀区
40.033292177441,116.31877111218,https,北京市 北京市 海淀区 农大南路 1号院-4号楼,pcap_data/223.104.40.234_capture_2024-06-06_21-03-58.pcap,2024-06-06_21-03-58,223.104.40.234,中国,北京市,海淀区
40.032948318724,116.31887678992,https,北京市 北京市 海淀区 农大南路 1号,pcap_data/223.104.40.234_capture_2024-06-06_21-05-29.pcap,2024-06-06_21-05-29,223.104.40.234,中国,北京市,海淀区
40.033158874534,116.31853922075,https,北京市 北京市 海淀区 农大南路 1号院-4号楼,pcap_data/223.104.40.234_capture_2024-06-06_21-06-56.pcap,2024-06-06_21-06-56,223.104.40.234,中国,北京市,海淀区
40.032133054087,116.31793720355,https,北京市 北京市 海淀区 农大南路 ,pcap_data/223.104.40.138_capture_2024-06-06_21-08-27.pcap,2024-06-06_21-08-27,223.104.40.138,中国,北京市,海淀区
40.032153549714,116.31774883911,https,北京市 北京市 海淀区 农大南路 ,pcap_data/223.104.40.138_capture_2024-06-06_21-09-39.pcap,2024-06-06_21-09-39,223.104.40.138,中国,北京市,海淀区
40.031899220066,116.31430616541,https,北京市 北京市 海淀区 农大南路 ,pcap_data/223.104.40.138_capture_2024-06-06_21-16-03.pcap,2024-06-06_21-16-03,223.104.40.138,中国,北京市,海淀区
40.031897401302,116.31433182511,https,北京市 北京市 海淀区 农大南路 ,pcap_data/223.104.40.138_capture_2024-06-06_21-18-43.pcap,2024-06-06_21-18-43,223.104.40.138,中国,北京市,海淀区
40.031704066117,116.31112994941,https,北京市 北京市 海淀区 农大南路 ,pcap_data/223.104.40.138_capture_2024-06-06_21-28-19.pcap,2024-06-06_21-28-19,223.104.40.138,中国,北京市,海淀区
40.030950146067,116.30731902143,https,北京市 北京市 海淀区 农大南路 33号3楼,pcap_data/223.104.40.138_capture_2024-06-06_21-37-26.pcap,2024-06-06_21-37-26,223.104.40.138,中国,北京市,海淀区
40.030846243633,116.30733848858,https,北京市 北京市 海淀区 农大南路 33号3楼,pcap_data/223.104.40.138_capture_2024-06-06_21-38-48.pcap,2024-06-06_21-38-48,223.104.40.138,中国,北京市,海淀区
40.029772381171,116.30789001769,https,北京市 北京市 海淀区 树村路 甲1号,pcap_data/223.104.40.138_capture_2024-06-06_21-39-53.pcap,2024-06-06_21-39-53,223.104.40.138,中国,北京市,海淀区
40.025939094696,116.30911522393,https,北京市 北京市 海淀区 树村路 ,pcap_data/223.104.40.138_capture_2024-06-06_21-42-33.pcap,2024-06-06_21-42-33,223.104.40.138,中国,北京市,海淀区
40.027380725511,116.3073852523,https,北京市 北京市 海淀区 树村中街 ,pcap_data/223.104.41.23_capture_2024-06-06_21-51-00.pcap,2024-06-06_21-51-00,223.104.41.23,中国,北京市,海淀区
40.027927991683,116.30796548449,https,北京市 北京市 海淀区 树村路 ,pcap_data/223.104.41.23_capture_2024-06-06_21-54-38.pcap,2024-06-06_21-54-38,223.104.41.23,中国,北京市,海淀区
40.028141650515,116.30849262064,https,北京市 北京市 海淀区 树村街 49号,pcap_data/223.104.41.23_capture_2024-06-07_11-27-07.pcap,2024-06-07_11-27-07,223.104.41.23,中国,北京市,海淀区
40.028132612379,116.30846534737,https,北京市 北京市 海淀区 树村街 49号,pcap_data/223.104.41.23_capture_2024-06-07_11-28-27.pcap,2024-06-07_11-28-27,223.104.41.23,中国,北京市,海淀区
40.027214728542,116.30877291199,https,北京市 北京市 海淀区 树村路 ,pcap_data/223.104.41.193_capture_2024-06-07_12-25-30.pcap,2024-06-07_12-25-30,223.104.41.193,中国,北京市,海淀区
40.023101679799,116.30844303854,https,北京市 北京市 海淀区 小清河路 ,pcap_data/223.104.41.193_capture_2024-06-07_12-28-25.pcap,2024-06-07_12-28-25,223.104.41.193,中国,北京市,海淀区
40.021840280316,116.30371966713,https,北京市 北京市 海淀区 小清河路 ,pcap_data/223.104.41.193_capture_2024-06-07_12-29-34.pcap,2024-06-07_12-29-34,223.104.41.193,中国,北京市,海淀区
40.021638695139,116.301285854,https,北京市 北京市 海淀区 西祥路 乙46号,pcap_data/223.104.41.193_capture_2024-06-07_12-31-08.pcap,2024-06-07_12-31-08,223.104.41.193,中国,北京市,海淀区
40.022188710224,116.29329661837,https,北京市 北京市 海淀区 圆明园西路 ,pcap_data/223.104.41.193_capture_2024-06-07_12-39-25.pcap,2024-06-07_12-39-25,223.104.41.193,中国,北京市,海淀区
40.007556382485,116.2960871769,https,北京市 北京市 海淀区 圆明园西路 238号,pcap_data/223.104.41.193_capture_2024-06-07_12-40-39.pcap,2024-06-07_12-40-39,223.104.41.193,中国,北京市,海淀区
39.990722794709,116.30647507953,https,北京市 北京市 海淀区 万泉河桥 ,pcap_data/223.104.41.193_capture_2024-06-07_12-45-16.pcap,2024-06-07_12-45-16,223.104.41.193,中国,北京市,海淀区
39.990722794709,116.30647507953,https,北京市 北京市 海淀区 万泉河桥 ,pcap_data/223.104.41.193_capture_2024-06-07_12-46-00.pcap,2024-06-07_12-46-00,223.104.41.193,中国,北京市,海淀区
39.99735133082,116.34369224087,https,北京市 北京市 海淀区 荷清路 ,pcap_data/223.104.41.186_capture_2024-06-07_21-17-16.pcap,2024-06-07_21-17-16,223.104.41.186,中国,北京市,海淀区
39.99735133082,116.34369224087,https,北京市 北京市 海淀区 荷清路 ,pcap_data/223.104.41.186_capture_2024-06-07_21-24-09.pcap,2024-06-07_21-24-09,223.104.41.186,中国,北京市,海淀区
39.99736236676,116.34372292256,https,北京市 北京市 海淀区 荷清路 ,pcap_data/223.104.41.186_capture_2024-06-07_22-27-48.pcap,2024-06-07_22-27-48,223.104.41.186,中国,北京市,海淀区
39.997195971583,116.34396920057,https,北京市 北京市 海淀区 荷清路 ,pcap_data/223.104.41.186_capture_2024-06-07_22-36-30.pcap,2024-06-07_22-36-30,223.104.41.186,中国,北京市,海淀区
39.998481564025,116.34353597921,https,北京市 北京市 海淀区 成府路 48号,pcap_data/223.104.38.213_capture_2024-06-07_22-40-46.pcap,2024-06-07_22-40-46,223.104.38.213,中国,北京市,海淀区
39.998407596035,116.34369510958,https,北京市 北京市 海淀区 成府路 48号,pcap_data/223.104.38.213_capture_2024-06-07_22-43-29.pcap,2024-06-07_22-43-29,223.104.38.213,中国,北京市,海淀区
40.006731396583,116.34405009322,https,北京市 北京市 海淀区 荷清路 ,pcap_data/223.104.41.15_capture_2024-06-07_22-55-29.pcap,2024-06-07_22-55-29,223.104.41.15,中国,北京市,海淀区
40.006731396583,116.34405009322,https,北京市 北京市 海淀区 荷清路 ,pcap_data/223.104.41.15_capture_2024-06-07_22-55-48.pcap,2024-06-07_22-55-48,223.104.41.15,中国,北京市,海淀区
40.038704456166,116.32615602376,https,北京市 北京市 海淀区 上地东路 37号,pcap_data/223.104.41.15_capture_2024-06-07_23-01-10.pcap,2024-06-07_23-01-10,223.104.41.15,中国,北京市,海淀区
40.035234759653,116.3211796994,https,北京市 北京市 海淀区 上地南路 14号院1号楼,pcap_data/223.104.41.15_capture_2024-06-07_23-10-37.pcap,2024-06-07_23-10-37,223.104.41.15,中国,北京市,海淀区
40.035627880002,116.31834866975,https,北京市 北京市 海淀区 上地西路 甲8号,pcap_data/223.104.41.15_capture_2024-06-07_23-11-45.pcap,2024-06-07_23-11-45,223.104.41.15,中国,北京市,海淀区
40.035113356975,116.31830872041,https,北京市 北京市 海淀区 上地西路 8号院,pcap_data/223.104.41.15_capture_2024-06-07_23-18-30.pcap,2024-06-07_23-18-30,223.104.41.15,中国,北京市,海淀区
40.03467224967,116.31819801499,https,北京市 北京市 海淀区 农大南路 1号院-1号楼,pcap_data/223.104.41.15_capture_2024-06-07_23-19-44.pcap,2024-06-07_23-19-44,223.104.41.15,中国,北京市,海淀区
40.033211945456,116.31982586501,https,北京市 北京市 海淀区 信息路 ,pcap_data/223.104.41.15_capture_2024-06-07_23-23-02.pcap,2024-06-07_23-23-02,223.104.41.15,中国,北京市,海淀区
40.032576573025,116.3195384958,https,北京市 北京市 海淀区 农大南路 1号,pcap_data/223.104.41.15_capture_2024-06-07_23-26-41.pcap,2024-06-07_23-26-41,223.104.41.15,中国,北京市,海淀区
40.031884058808,116.31326377939,https,北京市 北京市 海淀区 农大南路 ,pcap_data/223.104.41.15_capture_2024-06-07_23-30-59.pcap,2024-06-07_23-30-59,223.104.41.15,中国,北京市,海淀区
40.03156148855,116.31023473011,https,北京市 北京市 海淀区 农大南路 ,pcap_data/223.104.41.15_capture_2024-06-07_23-34-22.pcap,2024-06-07_23-34-22,223.104.41.15,中国,北京市,海淀区
40.030712700759,116.30744691115,https,北京市 北京市 海淀区 农大南路 33号3楼,pcap_data/223.104.41.15_capture_2024-06-07_23-40-39.pcap,2024-06-07_23-40-39,223.104.41.15,中国,北京市,海淀区
40.027221428756,116.30777658783,https,北京市 北京市 海淀区 树村中街 ,pcap_data/223.104.41.15_capture_2024-06-07_23-48-43.pcap,2024-06-07_23-48-43,223.104.41.15,中国,北京市,海淀区
40.028203312071,116.3092633209,https,北京市 北京市 海淀区 树村街 49号,pcap_data/223.104.41.15_capture_2024-06-07_23-53-24.pcap,2024-06-07_23-53-24,223.104.41.15,中国,北京市,海淀区
39.981126086274,116.31287894305,https,北京市 北京市 海淀区 海淀南路 12号楼,pcap_data/223.104.41.15_capture_2024-06-08_06-53-08.pcap,2024-06-08_06-53-08,223.104.41.15,中国,北京市,海淀区
39.981126086274,116.31287894305,https,北京市 北京市 海淀区 海淀南路 12号楼,pcap_data/223.104.41.15_capture_2024-06-08_06-54-13.pcap,2024-06-08_06-54-13,223.104.41.15,中国,北京市,海淀区
39.982536834291,116.44535792074,https,北京市 北京市 朝阳区 太阳宫路 甲二号,pcap_data/223.104.41.15_capture_2024-06-08_07-33-28.pcap,2024-06-08_07-33-28,223.104.41.15,中国,北京市,朝阳区
39.985445861983,116.44395647403,https,北京市 北京市 朝阳区 S11(京承高速) ,pcap_data/223.104.41.15_capture_2024-06-08_07-39-23.pcap,2024-06-08_07-39-23,223.104.41.15,中国,北京市,朝阳区
39.998508002271,116.45274587827,https,北京市 北京市 朝阳区 S11(京承高速) ,pcap_data/223.104.41.15_capture_2024-06-08_07-43-57.pcap,2024-06-08_07-43-57,223.104.41.15,中国,北京市,朝阳区
40.639625190612,117.36730364045,https,北京市 北京市 密云区 高空索道 ,pcap_data/223.104.41.127_capture_2024-06-08_12-37-51.pcap,2024-06-08_12-37-51,223.104.41.127,中国,北京市,密云区
40.639628042343,117.36743958877,https,北京市 北京市 密云区 高空索道 ,pcap_data/223.104.41.127_capture_2024-06-08_12-39-56.pcap,2024-06-08_12-39-56,223.104.41.127,中国,北京市,密云区
40.639616686842,117.36740540571,https,北京市 北京市 密云区 高空索道 ,pcap_data/223.104.41.127_capture_2024-06-08_12-41-45.pcap,2024-06-08_12-41-45,223.104.41.127,中国,北京市,密云区
40.639607278868,117.36731776447,https,北京市 北京市 密云区 高空索道 ,pcap_data/223.104.41.127_capture_2024-06-08_12-44-28.pcap,2024-06-08_12-44-28,223.104.41.127,中国,北京市,密云区
40.641726630314,117.37011381694,https,北京市 北京市 密云区  ,pcap_data/223.104.41.177_capture_2024-06-08_13-39-10.pcap,2024-06-08_13-39-10,223.104.41.177,中国,北京市,密云区
40.641521605846,117.36987848708,https,北京市 北京市 密云区  ,pcap_data/223.104.41.177_capture_2024-06-08_13-40-14.pcap,2024-06-08_13-40-14,223.104.41.177,中国,北京市,密云区
40.641879855729,117.36935928846,https,北京市 北京市 密云区  ,pcap_data/223.104.41.22_capture_2024-06-08_14-05-21.pcap,2024-06-08_14-05-21,223.104.41.22,中国,北京市,密云区
40.641971623016,117.36950938968,https,北京市 北京市 密云区  ,pcap_data/223.104.41.22_capture_2024-06-08_14-07-52.pcap,2024-06-08_14-07-52,223.104.41.22,中国,北京市,密云区
40.487891468628,117.17583300172,https,北京市 北京市 密云区 S11(苇子峪一桥) ,pcap_data/223.104.41.22_capture_2024-06-08_16-34-50.pcap,2024-06-08_16-34-50,223.104.41.22,中国,北京市,密云区
40.474701420268,117.17668089405,https,北京市 北京市 密云区 G45(大广高速) ,pcap_data/223.104.41.22_capture_2024-06-08_16-35-57.pcap,2024-06-08_16-35-57,223.104.41.22,中国,北京市,密云区
40.426478111053,117.16624209379,https,北京市 北京市 密云区 S11(大广高速) ,pcap_data/223.104.41.22_capture_2024-06-08_16-41-31.pcap,2024-06-08_16-41-31,223.104.41.22,中国,北京市,密云区
39.981912143523,116.34636016064,https,北京市 北京市 海淀区 知春路 42号,pcap_data/223.104.41.22_capture_2024-06-08_20-10-00.pcap,2024-06-08_20-10-00,223.104.41.22,中国,北京市,海淀区
39.981900212153,116.34633465127,https,北京市 北京市 海淀区 知春路 42号,pcap_data/223.104.41.22_capture_2024-06-08_21-18-03.pcap,2024-06-08_21-18-03,223.104.41.22,中国,北京市,海淀区
40.038514595162,116.32631136858,https,北京市 北京市 海淀区 上地东路 37号,pcap_data/223.104.41.21_capture_2024-06-08_21-36-32.pcap,2024-06-08_21-36-32,223.104.41.21,中国,北京市,海淀区
40.035772134478,116.32403385036,https,北京市 北京市 海淀区 上地南路 8号院-1号楼,pcap_data/223.104.41.21_capture_2024-06-08_21-44-03.pcap,2024-06-08_21-44-03,223.104.41.21,中国,北京市,海淀区
40.035508509202,116.31808154363,https,北京市 北京市 海淀区 上地西路 8号院,pcap_data/223.104.41.21_capture_2024-06-08_21-48-50.pcap,2024-06-08_21-48-50,223.104.41.21,中国,北京市,海淀区
40.035453724819,116.3182917721,https,北京市 北京市 海淀区 上地西路 8号院,pcap_data/223.104.41.21_capture_2024-06-08_21-52-24.pcap,2024-06-08_21-52-24,223.104.41.21,中国,北京市,海淀区
40.035062797907,116.31795555147,https,北京市 北京市 海淀区 上地西路 甲8号,pcap_data/223.104.41.149_capture_2024-06-08_22-12-31.pcap,2024-06-08_22-12-31,223.104.41.149,中国,北京市,海淀区
40.03515152821,116.31814736651,https,北京市 北京市 海淀区 上地西路 8号院,pcap_data/223.104.41.149_capture_2024-06-08_22-30-21.pcap,2024-06-08_22-30-21,223.104.41.149,中国,北京市,海淀区
40.034575014518,116.31813149878,https,北京市 北京市 海淀区 农大南路 1号院-1号楼,pcap_data/223.104.41.149_capture_2024-06-08_22-35-26.pcap,2024-06-08_22-35-26,223.104.41.149,中国,北京市,海淀区
40.033977817816,116.31982216465,https,北京市 北京市 海淀区 信息路 36号,pcap_data/223.104.41.149_capture_2024-06-08_22-39-52.pcap,2024-06-08_22-39-52,223.104.41.149,中国,北京市,海淀区
40.031813896667,116.31309298348,https,北京市 北京市 海淀区 农大南路 ,pcap_data/223.104.41.149_capture_2024-06-08_22-48-10.pcap,2024-06-08_22-48-10,223.104.41.149,中国,北京市,海淀区
40.031813896667,116.31309298348,https,北京市 北京市 海淀区 农大南路 ,pcap_data/223.104.41.149_capture_2024-06-08_22-49-01.pcap,2024-06-08_22-49-01,223.104.41.149,中国,北京市,海淀区
40.031744638119,116.31180072416,https,北京市 北京市 海淀区 农大南路 ,pcap_data/223.104.41.149_capture_2024-06-08_22-50-20.pcap,2024-06-08_22-50-20,223.104.41.149,中国,北京市,海淀区
40.031543514831,116.3100022574,https,北京市 北京市 海淀区 农大南路 ,pcap_data/223.104.41.149_capture_2024-06-08_22-54-16.pcap,2024-06-08_22-54-16,223.104.41.149,中国,北京市,海淀区
40.027262070172,116.30871475208,https,北京市 北京市 海淀区 树村路 ,pcap_data/223.104.41.149_capture_2024-06-08_23-03-31.pcap,2024-06-08_23-03-31,223.104.41.149,中国,北京市,海淀区
40.027204135726,116.3086114075,https,北京市 北京市 海淀区 树村路 ,pcap_data/223.104.41.149_capture_2024-06-08_23-04-41.pcap,2024-06-08_23-04-41,223.104.41.149,中国,北京市,海淀区
40.02717591053,116.3086616357,https,北京市 北京市 海淀区 树村路 ,pcap_data/223.104.41.149_capture_2024-06-08_23-06-10.pcap,2024-06-08_23-06-10,223.104.41.149,中国,北京市,海淀区
40.027224949727,116.30740968401,https,北京市 北京市 海淀区 树村中街 ,pcap_data/223.104.41.149_capture_2024-06-08_23-11-28.pcap,2024-06-08_23-11-28,223.104.41.149,中国,北京市,海淀区
40.028074462829,116.30784721722,https,北京市 北京市 海淀区 树村路 ,pcap_data/223.104.41.149_capture_2024-06-08_23-14-21.pcap,2024-06-08_23-14-21,223.104.41.149,中国,北京市,海淀区
40.027803901232,116.30784311962,https,北京市 北京市 海淀区 树村中街 ,pcap_data/223.104.41.149_capture_2024-06-08_23-15-26.pcap,2024-06-08_23-15-26,223.104.41.149,中国,北京市,海淀区
40.027870256839,116.3077983153,https,北京市 北京市 海淀区 树村中街 ,pcap_data/223.104.40.232_capture_2024-06-09_22-03-02.pcap,2024-06-09_22-03-02,223.104.40.232,中国,北京市,海淀区
40.027649981436,116.30752028617,https,北京市 北京市 海淀区 树村中街 ,pcap_data/223.104.40.232_capture_2024-06-09_22-08-01.pcap,2024-06-09_22-08-01,223.104.40.232,中国,北京市,海淀区
40.027367499805,116.30862052189,https,北京市 北京市 海淀区 树村中街 ,pcap_data/223.104.40.232_capture_2024-06-09_22-15-36.pcap,2024-06-09_22-15-36,223.104.40.232,中国,北京市,海淀区
40.030275219721,116.30761891654,https,北京市 北京市 海淀区 农大南路 33号3楼,pcap_data/223.104.40.232_capture_2024-06-09_22-21-14.pcap,2024-06-09_22-21-14,223.104.40.232,中国,北京市,海淀区
40.031031039454,116.30743132913,https,北京市 北京市 海淀区 农大南路 33号3楼,pcap_data/223.104.40.232_capture_2024-06-09_22-28-40.pcap,2024-06-09_22-28-40,223.104.40.232,中国,北京市,海淀区
40.031586780723,116.31040361945,https,北京市 北京市 海淀区 农大南路 ,pcap_data/223.104.40.232_capture_2024-06-09_22-29-45.pcap,2024-06-09_22-29-45,223.104.40.232,中国,北京市,海淀区
40.034344878597,116.31839620401,https,北京市 北京市 海淀区 农大南路 1号院-1号楼,pcap_data/223.104.40.232_capture_2024-06-09_22-39-51.pcap,2024-06-09_22-39-51,223.104.40.232,中国,北京市,海淀区
40.035111942477,116.31826695858,https,北京市 北京市 海淀区 上地西路 8号院,pcap_data/223.104.40.232_capture_2024-06-09_22-44-00.pcap,2024-06-09_22-44-00,223.104.40.232,中国,北京市,海淀区
40.035111942477,116.31826695858,https,北京市 北京市 海淀区 上地西路 8号院,pcap_data/223.104.40.232_capture_2024-06-09_22-44-05.pcap,2024-06-09_22-44-05,223.104.40.232,中国,北京市,海淀区
40.035106350384,116.31832128277,https,北京市 北京市 海淀区 上地西路 8号院,pcap_data/223.104.40.232_capture_2024-06-09_22-45-09.pcap,2024-06-09_22-45-09,223.104.40.232,中国,北京市,海淀区
40.03517738615,116.31832203929,https,北京市 北京市 海淀区 上地西路 8号院,pcap_data/223.104.40.232_capture_2024-06-09_22-46-14.pcap,2024-06-09_22-46-14,223.104.40.232,中国,北京市,海淀区
40.035350545668,116.31856918944,https,北京市 北京市 海淀区 上地西路 甲8号,pcap_data/223.104.40.232_capture_2024-06-09_22-48-15.pcap,2024-06-09_22-48-15,223.104.40.232,中国,北京市,海淀区
40.035174747708,116.31849810093,https,北京市 北京市 海淀区 上地西路 8号院,pcap_data/223.104.40.232_capture_2024-06-09_22-50-31.pcap,2024-06-09_22-50-31,223.104.40.232,中国,北京市,海淀区
40.027876649811,116.30778876112,https,北京市 北京市 海淀区 树村中街 ,pcap_data/223.104.40.232_capture_2024-06-10_09-43-07.pcap,2024-06-10_09-43-07,223.104.40.232,中国,北京市,海淀区
40.030172117849,116.30758900969,https,北京市 北京市 海淀区 农大南路 33号3楼,pcap_data/223.104.40.232_capture_2024-06-10_09-50-42.pcap,2024-06-10_09-50-42,223.104.40.232,中国,北京市,海淀区
40.030928985286,116.30720174834,https,北京市 北京市 海淀区 农大南路 33号3楼,pcap_data/223.104.40.232_capture_2024-06-10_09-52-36.pcap,2024-06-10_09-52-36,223.104.40.232,中国,北京市,海淀区
40.030928985286,116.30720174834,https,北京市 北京市 海淀区 农大南路 33号3楼,pcap_data/223.104.40.232_capture_2024-06-10_09-52-39.pcap,2024-06-10_09-52-39,223.104.40.232,中国,北京市,海淀区
40.031777416949,116.31329799834,https,北京市 北京市 海淀区 农大南路 ,pcap_data/223.104.40.232_capture_2024-06-10_10-00-14.pcap,2024-06-10_10-00-14,223.104.40.232,中国,北京市,海淀区
40.034524313606,116.31838594401,https,北京市 北京市 海淀区 农大南路 1号院-1号楼,pcap_data/223.104.40.232_capture_2024-06-10_10-08-30.pcap,2024-06-10_10-08-30,223.104.40.232,中国,北京市,海淀区
40.035476138135,116.31904866428,https,北京市 北京市 海淀区 信息路 34号,pcap_data/223.104.40.232_capture_2024-06-10_10-10-19.pcap,2024-06-10_10-10-19,223.104.40.232,中国,北京市,海淀区
40.03548659193,116.31834879236,https,北京市 北京市 海淀区 上地西路 甲8号,pcap_data/223.104.40.232_capture_2024-06-10_10-12-10.pcap,2024-06-10_10-12-10,223.104.40.232,中国,北京市,海淀区
40.03548659193,116.31834879236,https,北京市 北京市 海淀区 上地西路 甲8号,pcap_data/223.104.40.232_capture_2024-06-10_10-12-18.pcap,2024-06-10_10-12-18,223.104.40.232,中国,北京市,海淀区
40.035303447981,116.31832411259,https,北京市 北京市 海淀区 上地西路 8号院,pcap_data/223.104.40.232_capture_2024-06-10_10-15-12.pcap,2024-06-10_10-15-12,223.104.40.232,中国,北京市,海淀区
39.907798029495,116.38106073329,https,北京市 北京市 西城区 宣武门内大街 183号,pcap_data/223.104.40.232_capture_2024-06-10_11-08-19.pcap,2024-06-10_11-08-19,223.104.40.232,中国,北京市,西城区
39.90760394079,116.38610014409,https,北京市 北京市 西城区 西中胡同 41号,pcap_data/223.104.40.232_capture_2024-06-10_11-33-12.pcap,2024-06-10_11-33-12,223.104.40.232,中国,北京市,西城区
39.907603880047,116.38609636717,https,北京市 北京市 西城区 西中胡同 41号,pcap_data/223.104.40.232_capture_2024-06-10_11-35-20.pcap,2024-06-10_11-35-20,223.104.40.232,中国,北京市,西城区
39.907599237482,116.38611120991,https,北京市 北京市 西城区 西中胡同 41号,pcap_data/223.104.40.232_capture_2024-06-10_11-36-35.pcap,2024-06-10_11-36-35,223.104.40.232,中国,北京市,西城区
39.90758942735,116.386074529,https,北京市 北京市 西城区 西中胡同 41号,pcap_data/223.104.40.232_capture_2024-06-10_11-38-27.pcap,2024-06-10_11-38-27,223.104.40.232,中国,北京市,西城区
39.916656099952,116.38050515811,https,北京市 北京市 西城区 西单北大街 148号,pcap_data/223.104.40.232_capture_2024-06-10_20-07-13.pcap,2024-06-10_20-07-13,223.104.40.232,中国,北京市,西城区
39.916411205702,116.38045953197,https,北京市 北京市 西城区 西单北大街 154号,pcap_data/223.104.40.232_capture_2024-06-10_20-10-46.pcap,2024-06-10_20-10-46,223.104.40.232,中国,北京市,西城区
39.916647624457,116.3804711946,https,北京市 北京市 西城区 西单北大街 148号,pcap_data/223.104.40.232_capture_2024-06-10_20-12-03.pcap,2024-06-10_20-12-03,223.104.40.232,中国,北京市,西城区
39.916632458028,116.38050248196,https,北京市 北京市 西城区 西单北大街 150号,pcap_data/223.104.40.232_capture_2024-06-10_20-13-42.pcap,2024-06-10_20-13-42,223.104.40.232,中国,北京市,西城区
39.916454156675,116.37885001345,https,北京市 北京市 西城区 西单北大街 131-南门,pcap_data/223.104.41.130_capture_2024-06-11_10-46-42.pcap,2024-06-11_10-46-42,223.104.41.130,中国,北京市,西城区
39.916454156675,116.37885001345,https,北京市 北京市 西城区 西单北大街 131-南门,pcap_data/223.104.41.130_capture_2024-06-11_10-47-58.pcap,2024-06-11_10-47-58,223.104.41.130,中国,北京市,西城区
39.916454156675,116.37885001345,https,北京市 北京市 西城区 西单北大街 131-南门,pcap_data/223.104.41.130_capture_2024-06-11_10-52-42.pcap,2024-06-11_10-52-42,223.104.41.130,中国,北京市,西城区
39.916454156675,116.37885001345,https,北京市 北京市 西城区 西单北大街 131-南门,pcap_data/223.104.41.130_capture_2024-06-11_10-55-18.pcap,2024-06-11_10-55-18,223.104.41.130,中国,北京市,西城区
39.989097520889,116.34364638208,https,北京市 北京市 海淀区 中关村东路 80号,pcap_data/223.104.40.155_capture_2024-06-11_14-17-36.pcap,2024-06-11_14-17-36,223.104.40.155,中国,北京市,海淀区
39.956943883041,116.33179158201,https,北京市 北京市 海淀区 南大街 24号,pcap_data/223.104.40.155_capture_2024-06-11_15-33-23.pcap,2024-06-11_15-33-23,223.104.40.155,中国,北京市,海淀区
39.956943883041,116.33179158201,https,北京市 北京市 海淀区 南大街 24号,pcap_data/223.104.40.155_capture_2024-06-11_15-36-26.pcap,2024-06-11_15-36-26,223.104.40.155,中国,北京市,海淀区
39.95798112312,116.33152767605,https,北京市 北京市 海淀区 中关村南大街 22,pcap_data/223.104.40.155_capture_2024-06-11_15-37-58.pcap,2024-06-11_15-37-58,223.104.40.155,中国,北京市,海淀区
40.035543193175,116.31820298179,https,北京市 北京市 海淀区 上地西路 甲8号,pcap_data/223.104.41.74_capture_2024-06-11_21-56-41.pcap,2024-06-11_21-56-41,223.104.41.74,中国,北京市,海淀区
40.035495262662,116.31818418906,https,北京市 北京市 海淀区 上地西路 8号院,pcap_data/223.104.41.74_capture_2024-06-11_21-57-58.pcap,2024-06-11_21-57-58,223.104.41.74,中国,北京市,海淀区
40.035517911359,116.31810146175,https,北京市 北京市 海淀区 上地西路 8号院,pcap_data/223.104.41.74_capture_2024-06-11_21-59-09.pcap,2024-06-11_21-59-09,223.104.41.74,中国,北京市,海淀区
40.035292240287,116.3178494401,https,北京市 北京市 海淀区 上地西路 甲8号,pcap_data/223.104.41.74_capture_2024-06-11_22-01-12.pcap,2024-06-11_22-01-12,223.104.41.74,中国,北京市,海淀区
40.034579771247,116.31818335736,https,北京市 北京市 海淀区 农大南路 1号院-1号楼,pcap_data/223.104.41.74_capture_2024-06-11_22-03-21.pcap,2024-06-11_22-03-21,223.104.41.74,中国,北京市,海淀区
40.033705222438,116.31968921505,https,北京市 北京市 海淀区 信息路 36号,pcap_data/223.104.41.74_capture_2024-06-11_22-10-17.pcap,2024-06-11_22-10-17,223.104.41.74,中国,北京市,海淀区
40.032206796089,116.31867330907,https,北京市 北京市 海淀区 农大南路 1号,pcap_data/223.104.41.74_capture_2024-06-11_22-11-45.pcap,2024-06-11_22-11-45,223.104.41.74,中国,北京市,海淀区
40.03208784001,116.31340797516,https,北京市 北京市 海淀区 农大南路 ,pcap_data/223.104.41.74_capture_2024-06-11_22-13-19.pcap,2024-06-11_22-13-19,223.104.41.74,中国,北京市,海淀区
40.031563910378,116.31023581933,https,北京市 北京市 海淀区 农大南路 ,pcap_data/223.104.41.74_capture_2024-06-11_22-17-54.pcap,2024-06-11_22-17-54,223.104.41.74,中国,北京市,海淀区
40.031563910378,116.31023581933,https,北京市 北京市 海淀区 农大南路 ,pcap_data/223.104.41.74_capture_2024-06-11_22-18-01.pcap,2024-06-11_22-18-01,223.104.41.74,中国,北京市,海淀区
40.031563910378,116.31023581933,https,北京市 北京市 海淀区 农大南路 ,pcap_data/223.104.41.74_capture_2024-06-11_22-18-12.pcap,2024-06-11_22-18-12,223.104.41.74,中国,北京市,海淀区
40.031526453245,116.31019055721,https,北京市 北京市 海淀区 农大南路 ,pcap_data/223.104.41.74_capture_2024-06-11_22-20-49.pcap,2024-06-11_22-20-49,223.104.41.74,中国,北京市,海淀区
40.031317772492,116.30780859566,https,北京市 北京市 海淀区 农大南路 33号3楼,pcap_data/223.104.41.74_capture_2024-06-11_22-28-18.pcap,2024-06-11_22-28-18,223.104.41.74,中国,北京市,海淀区
40.031343509414,116.30785985714,https,北京市 北京市 海淀区 农大南路 33号3楼,pcap_data/223.104.41.74_capture_2024-06-11_22-29-27.pcap,2024-06-11_22-29-27,223.104.41.74,中国,北京市,海淀区
40.030955933419,116.3070094203,https,北京市 北京市 海淀区 农大南路 88号二层,pcap_data/223.104.41.74_capture_2024-06-11_22-31-48.pcap,2024-06-11_22-31-48,223.104.41.74,中国,北京市,海淀区
40.030916491416,116.30713547685,https,北京市 北京市 海淀区 农大南路 33号3楼,pcap_data/223.104.41.74_capture_2024-06-11_22-33-38.pcap,2024-06-11_22-33-38,223.104.41.74,中国,北京市,海淀区
40.030107126995,116.30768345823,https,北京市 北京市 海淀区 树村路 ,pcap_data/223.104.41.74_capture_2024-06-11_22-34-40.pcap,2024-06-11_22-34-40,223.104.41.74,中国,北京市,海淀区
40.030156276005,116.30744553979,https,北京市 北京市 海淀区 农大南路 33号3楼,pcap_data/223.104.41.74_capture_2024-06-11_22-35-55.pcap,2024-06-11_22-35-55,223.104.41.74,中国,北京市,海淀区
40.030046295338,116.30757221895,https,北京市 北京市 海淀区 树村路 ,pcap_data/223.104.41.74_capture_2024-06-11_22-37-49.pcap,2024-06-11_22-37-49,223.104.41.74,中国,北京市,海淀区
40.027200545525,116.30874537004,https,北京市 北京市 海淀区 树村路 ,pcap_data/223.104.41.74_capture_2024-06-11_22-40-30.pcap,2024-06-11_22-40-30,223.104.41.74,中国,北京市,海淀区
40.02718649681,116.30875847986,https,北京市 北京市 海淀区 树村路 ,pcap_data/223.104.41.74_capture_2024-06-11_22-42-49.pcap,2024-06-11_22-42-49,223.104.41.74,中国,北京市,海淀区
40.027264079684,116.3086918324,https,北京市 北京市 海淀区 树村路 ,pcap_data/223.104.41.74_capture_2024-06-11_22-44-34.pcap,2024-06-11_22-44-34,223.104.41.74,中国,北京市,海淀区
40.02722239838,116.30716418809,https,北京市 北京市 海淀区 树村中街 ,pcap_data/223.104.41.74_capture_2024-06-11_22-49-57.pcap,2024-06-11_22-49-57,223.104.41.74,中国,北京市,海淀区
40.02722239838,116.30716418809,https,北京市 北京市 海淀区 树村中街 ,pcap_data/223.104.41.74_capture_2024-06-11_22-50-03.pcap,2024-06-11_22-50-03,223.104.41.74,中国,北京市,海淀区
40.027639190629,116.30741636635,https,北京市 北京市 海淀区 树村中街 ,pcap_data/223.104.41.5_capture_2024-06-11_23-00-28.pcap,2024-06-11_23-00-28,223.104.41.5,中国,北京市,海淀区
40.028163294701,116.30849560034,https,北京市 北京市 海淀区 树村街 49号,pcap_data/223.104.41.5_capture_2024-06-11_23-12-58.pcap,2024-06-11_23-12-58,223.104.41.5,中国,北京市,海淀区
40.028163294701,116.30849560034,https,北京市 北京市 海淀区 树村街 49号,pcap_data/223.104.41.5_capture_2024-06-11_23-16-22.pcap,2024-06-11_23-16-22,223.104.41.5,中国,北京市,海淀区
39.989627503017,116.31352043107,https,北京市 北京市 海淀区 西大街 68号,pcap_data/223.104.41.216_capture_2024-06-12_15-45-50.pcap,2024-06-12_15-45-50,223.104.41.216,中国,北京市,海淀区
39.989627503017,116.31352043107,https,北京市 北京市 海淀区 西大街 68号,pcap_data/223.104.41.216_capture_2024-06-12_15-47-30.pcap,2024-06-12_15-47-30,223.104.41.216,中国,北京市,海淀区
39.989627503017,116.31352043107,https,北京市 北京市 海淀区 西大街 68号,pcap_data/223.104.41.216_capture_2024-06-12_15-49-18.pcap,2024-06-12_15-49-18,223.104.41.216,中国,北京市,海淀区
39.990374810872,116.31323925021,https,北京市 北京市 海淀区 海淀西大街 36号205号,pcap_data/223.104.40.181_capture_2024-06-12_18-56-39.pcap,2024-06-12_18-56-39,223.104.40.181,中国,北京市,海淀区
39.990360603187,116.31322969291,https,北京市 北京市 海淀区 海淀西大街 36号205号,pcap_data/223.104.40.181_capture_2024-06-12_18-57-55.pcap,2024-06-12_18-57-55,223.104.40.181,中国,北京市,海淀区
40.02721015997,116.30885149258,https,北京市 北京市 海淀区 树村路 ,pcap_data/223.104.40.25_capture_2024-06-12_22-19-14.pcap,2024-06-12_22-19-14,223.104.40.25,中国,北京市,海淀区
40.027328719493,116.30868576616,https,北京市 北京市 海淀区 树村中街 ,pcap_data/223.104.40.25_capture_2024-06-12_22-20-25.pcap,2024-06-12_22-20-25,223.104.40.25,中国,北京市,海淀区
40.028114314583,116.30852211248,https,北京市 北京市 海淀区 树村街 49号,pcap_data/223.104.40.208_capture_2024-06-12_22-45-54.pcap,2024-06-12_22-45-54,223.104.40.208,中国,北京市,海淀区
40.028114314583,116.30852211248,https,北京市 北京市 海淀区 树村街 49号,pcap_data/223.104.40.208_capture_2024-06-12_22-47-19.pcap,2024-06-12_22-47-19,223.104.40.208,中国,北京市,海淀区
40.030456569182,116.30127309167,https,北京市 北京市 海淀区 农大南路 43号,pcap_data/223.104.40.230_capture_2024-06-13_18-41-02.pcap,2024-06-13_18-41-02,223.104.40.230,中国,北京市,海淀区
40.030456840359,116.30127309141,https,北京市 北京市 海淀区 农大南路 43号,pcap_data/223.104.40.230_capture_2024-06-13_18-48-24.pcap,2024-06-13_18-48-24,223.104.40.230,中国,北京市,海淀区
40.027392372314,116.30785307456,https,北京市 北京市 海淀区 树村中街 ,pcap_data/223.104.40.230_capture_2024-06-13_20-57-08.pcap,2024-06-13_20-57-08,223.104.40.230,中国,北京市,海淀区
40.027351994132,116.30865600481,https,北京市 北京市 海淀区 树村中街 ,pcap_data/223.104.40.230_capture_2024-06-13_21-09-20.pcap,2024-06-13_21-09-20,223.104.40.230,中国,北京市,海淀区
40.032043825725,116.31989573243,https,北京市 北京市 海淀区 农大南路 118号,pcap_data/223.104.40.230_capture_2024-06-13_21-16-10.pcap,2024-06-13_21-16-10,223.104.40.230,中国,北京市,海淀区
40.032043825725,116.31989573243,https,北京市 北京市 海淀区 农大南路 118号,pcap_data/223.104.40.230_capture_2024-06-13_21-19-56.pcap,2024-06-13_21-19-56,223.104.40.230,中国,北京市,海淀区
40.023065082141,116.32322387594,https,北京市 北京市 海淀区 中关村北大街 7号,pcap_data/223.104.40.230_capture_2024-06-13_21-24-07.pcap,2024-06-13_21-24-07,223.104.40.230,中国,北京市,海淀区
40.018640229785,116.32476363658,https,北京市 北京市 海淀区 清华西路 28号,pcap_data/223.104.40.230_capture_2024-06-13_21-26-10.pcap,2024-06-13_21-26-10,223.104.40.230,中国,北京市,海淀区
40.016500561,116.34053765813,https,北京市 北京市 海淀区 荷清路 ,pcap_data/223.104.40.230_capture_2024-06-13_21-31-30.pcap,2024-06-13_21-31-30,223.104.40.230,中国,北京市,海淀区
39.998556519044,116.3431609451,https,北京市 北京市 海淀区 成府路 54号,pcap_data/223.104.40.53_capture_2024-06-13_21-55-35.pcap,2024-06-13_21-55-35,223.104.40.53,中国,北京市,海淀区
39.998575825879,116.34340073428,https,北京市 北京市 海淀区 成府路 50号,pcap_data/223.104.40.53_capture_2024-06-13_22-06-33.pcap,2024-06-13_22-06-33,223.104.40.53,中国,北京市,海淀区
39.998795531309,116.34331678911,https,北京市 北京市 海淀区 成府路 35号院,pcap_data/223.104.40.53_capture_2024-06-13_22-10-28.pcap,2024-06-13_22-10-28,223.104.40.53,中国,北京市,海淀区
39.998736204064,116.34312615606,https,北京市 北京市 海淀区 成府路 41-1号,pcap_data/223.104.40.53_capture_2024-06-13_22-11-57.pcap,2024-06-13_22-11-57,223.104.40.53,中国,北京市,海淀区
39.998571212618,116.34314709255,https,北京市 北京市 海淀区 成府路 54号,pcap_data/223.104.40.53_capture_2024-06-13_22-14-38.pcap,2024-06-13_22-14-38,223.104.40.53,中国,北京市,海淀区
39.998535262019,116.34319109296,https,北京市 北京市 海淀区 成府路 54号,pcap_data/223.104.40.53_capture_2024-06-13_22-22-33.pcap,2024-06-13_22-22-33,223.104.40.53,中国,北京市,海淀区
39.998689289065,116.34328883468,https,北京市 北京市 海淀区 成府路 35号院,pcap_data/223.104.40.144_capture_2024-06-13_22-33-27.pcap,2024-06-13_22-33-27,223.104.40.144,中国,北京市,海淀区
39.998479889665,116.34440777982,https,北京市 北京市 海淀区 成府路 34号,pcap_data/223.104.40.144_capture_2024-06-13_22-48-32.pcap,2024-06-13_22-48-32,223.104.40.144,中国,北京市,海淀区
39.998495823635,116.34503859912,https,北京市 北京市 海淀区 成府路 24号,pcap_data/223.104.40.242_capture_2024-06-13_22-53-17.pcap,2024-06-13_22-53-17,223.104.40.242,中国,北京市,海淀区
39.998495823635,116.34503859912,https,北京市 北京市 海淀区 成府路 24号,pcap_data/223.104.40.242_capture_2024-06-13_22-53-25.pcap,2024-06-13_22-53-25,223.104.40.242,中国,北京市,海淀区
39.998495823635,116.34503859912,https,北京市 北京市 海淀区 成府路 24号,pcap_data/223.104.40.242_capture_2024-06-13_22-54-32.pcap,2024-06-13_22-54-32,223.104.40.242,中国,北京市,海淀区
39.998495823635,116.34503859912,https,北京市 北京市 海淀区 成府路 24号,pcap_data/223.104.40.242_capture_2024-06-13_22-54-44.pcap,2024-06-13_22-54-44,223.104.40.242,中国,北京市,海淀区
40.038545613968,116.32632198176,https,北京市 北京市 海淀区 上地东路 37号,pcap_data/223.104.40.130_capture_2024-06-13_23-05-14.pcap,2024-06-13_23-05-14,223.104.40.130,中国,北京市,海淀区
40.038988347098,116.32508459659,https,北京市 北京市 海淀区 上地东路 37号,pcap_data/223.104.41.105_capture_2024-06-13_23-19-45.pcap,2024-06-13_23-19-45,223.104.41.105,中国,北京市,海淀区
40.038831961565,116.32581415021,https,北京市 北京市 海淀区 上地东路 37号,pcap_data/223.104.41.118_capture_2024-06-13_23-24-01.pcap,2024-06-13_23-24-01,223.104.41.118,中国,北京市,海淀区
40.038825338309,116.32595654115,https,北京市 北京市 海淀区 上地东路 37号,pcap_data/223.104.41.118_capture_2024-06-13_23-26-24.pcap,2024-06-13_23-26-24,223.104.41.118,中国,北京市,海淀区
40.038832520464,116.32584688243,https,北京市 北京市 海淀区 上地东路 37号,pcap_data/223.104.41.118_capture_2024-06-13_23-28-00.pcap,2024-06-13_23-28-00,223.104.41.118,中国,北京市,海淀区
40.038788219118,116.32593747599,https,北京市 北京市 海淀区 上地东路 37号,pcap_data/223.104.41.118_capture_2024-06-13_23-34-15.pcap,2024-06-13_23-34-15,223.104.41.118,中国,北京市,海淀区
40.038789159221,116.32589574168,https,北京市 北京市 海淀区 上地东路 37号,pcap_data/223.104.41.118_capture_2024-06-13_23-36-11.pcap,2024-06-13_23-36-11,223.104.41.118,中国,北京市,海淀区
40.036588384935,116.32653193996,https,北京市 北京市 海淀区 上地东二路 ,pcap_data/223.104.41.118_capture_2024-06-13_23-38-22.pcap,2024-06-13_23-38-22,223.104.41.118,中国,北京市,海淀区
40.035445695599,116.31872141709,https,北京市 北京市 海淀区 上地西路 甲8号,pcap_data/223.104.41.118_capture_2024-06-13_23-53-37.pcap,2024-06-13_23-53-37,223.104.41.118,中国,北京市,海淀区
40.034778137021,116.31844604243,https,北京市 北京市 海淀区 农大南路 1号院-1号楼,pcap_data/223.104.41.96_capture_2024-06-14_00-09-13.pcap,2024-06-14_00-09-13,223.104.41.96,中国,北京市,海淀区
40.034507393891,116.31866219367,https,北京市 北京市 海淀区 农大南路 1号院-1号楼,pcap_data/223.104.41.96_capture_2024-06-14_00-12-49.pcap,2024-06-14_00-12-49,223.104.41.96,中国,北京市,海淀区
40.034702576265,116.318290522,https,北京市 北京市 海淀区 农大南路 1号院-1号楼,pcap_data/223.104.41.96_capture_2024-06-14_00-22-50.pcap,2024-06-14_00-22-50,223.104.41.96,中国,北京市,海淀区
40.028150784376,116.30849779526,https,北京市 北京市 海淀区 树村街 49号,pcap_data/223.104.40.124_capture_2024-06-14_09-45-19.pcap,2024-06-14_09-45-19,223.104.40.124,中国,北京市,海淀区
40.028150784376,116.30849779526,https,北京市 北京市 海淀区 树村街 49号,pcap_data/223.104.40.124_capture_2024-06-14_09-49-35.pcap,2024-06-14_09-49-35,223.104.40.124,中国,北京市,海淀区
40.028150784376,116.30849779526,https,北京市 北京市 海淀区 树村街 49号,pcap_data/223.104.40.124_capture_2024-06-14_09-53-48.pcap,2024-06-14_09-53-48,223.104.40.124,中国,北京市,海淀区
40.028150784376,116.30849779526,https,北京市 北京市 海淀区 树村街 49号,pcap_data/223.104.40.124_capture_2024-06-14_09-55-02.pcap,2024-06-14_09-55-02,223.104.40.124,中国,北京市,海淀区
40.028150784376,116.30849779526,https,北京市 北京市 海淀区 树村街 49号,pcap_data/223.104.40.124_capture_2024-06-14_10-01-53.pcap,2024-06-14_10-01-53,223.104.40.124,中国,北京市,海淀区
40.028150784376,116.30849779526,https,北京市 北京市 海淀区 树村街 49号,pcap_data/223.104.40.124_capture_2024-06-14_10-05-21.pcap,2024-06-14_10-05-21,223.104.40.124,中国,北京市,海淀区
39.990260502977,116.31324440273,https,北京市 北京市 海淀区 海淀西大街 36号205号,pcap_data/223.104.40.9_capture_2024-06-14_18-58-34.pcap,2024-06-14_18-58-34,223.104.40.9,中国,北京市,海淀区
39.990335537073,116.31326598768,https,北京市 北京市 海淀区 海淀西大街 36号205号,pcap_data/223.104.40.9_capture_2024-06-14_19-00-01.pcap,2024-06-14_19-00-01,223.104.40.9,中国,北京市,海淀区
39.990264224889,116.31312730956,https,北京市 北京市 海淀区 海淀西大街 36号205号,pcap_data/223.104.40.9_capture_2024-06-14_19-03-11.pcap,2024-06-14_19-03-11,223.104.40.9,中国,北京市,海淀区
39.990294809946,116.3131161278,https,北京市 北京市 海淀区 海淀西大街 36号205号,pcap_data/223.104.40.9_capture_2024-06-14_19-07-51.pcap,2024-06-14_19-07-51,223.104.40.9,中国,北京市,海淀区
39.990294809946,116.3131161278,https,北京市 北京市 海淀区 海淀西大街 36号205号,pcap_data/223.104.40.9_capture_2024-06-14_19-07-33.pcap,2024-06-14_19-07-33,223.104.40.9,中国,北京市,海淀区
39.990256973104,116.31312321323,https,北京市 北京市 海淀区 海淀西大街 36号205号,pcap_data/223.104.40.9_capture_2024-06-14_19-13-24.pcap,2024-06-14_19-13-24,223.104.40.9,中国,北京市,海淀区
39.990235449053,116.31315868987,https,北京市 北京市 海淀区 海淀西大街 36号205号,pcap_data/223.104.40.9_capture_2024-06-14_19-17-11.pcap,2024-06-14_19-17-11,223.104.40.9,中国,北京市,海淀区
39.990300714021,116.31316525987,https,北京市 北京市 海淀区 海淀西大街 36号205号,pcap_data/223.104.40.9_capture_2024-06-14_19-26-53.pcap,2024-06-14_19-26-53,223.104.40.9,中国,北京市,海淀区
39.990270621799,116.31314887421,https,北京市 北京市 海淀区 海淀西大街 36号205号,pcap_data/223.104.40.9_capture_2024-06-14_19-28-50.pcap,2024-06-14_19-28-50,223.104.40.9,中国,北京市,海淀区
40.02815485654,116.30849751842,https,北京市 北京市 海淀区 树村街 49号,pcap_data/223.104.40.128_capture_2024-06-15_10-56-05.pcap,2024-06-15_10-56-05,223.104.40.128,中国,北京市,海淀区
40.02815485654,116.30849751842,https,北京市 北京市 海淀区 树村街 49号,pcap_data/223.104.40.128_capture_2024-06-15_10-57-37.pcap,2024-06-15_10-57-37,223.104.40.128,中国,北京市,海淀区
40.02815485654,116.30849751842,https,北京市 北京市 海淀区 树村街 49号,pcap_data/223.104.40.128_capture_2024-06-15_11-00-33.pcap,2024-06-15_11-00-33,223.104.40.128,中国,北京市,海淀区
40.02815485654,116.30849751842,https,北京市 北京市 海淀区 树村街 49号,pcap_data/223.104.40.128_capture_2024-06-15_11-04-16.pcap,2024-06-15_11-04-16,223.104.40.128,中国,北京市,海淀区
40.02815485654,116.30849751842,https,北京市 北京市 海淀区 树村街 49号,pcap_data/223.104.40.128_capture_2024-06-15_11-05-25.pcap,2024-06-15_11-05-25,223.104.40.128,中国,北京市,海淀区
40.02815485654,116.30849751842,https,北京市 北京市 海淀区 树村街 49号,pcap_data/223.104.40.128_capture_2024-06-15_11-11-44.pcap,2024-06-15_11-11-44,223.104.40.128,中国,北京市,海淀区
40.02815485654,116.30849751842,https,北京市 北京市 海淀区 树村街 49号,pcap_data/223.104.40.128_capture_2024-06-15_11-14-36.pcap,2024-06-15_11-14-36,223.104.40.128,中国,北京市,海淀区
40.027202769477,116.30877456083,https,北京市 北京市 海淀区 树村路 ,pcap_data/223.104.40.128_capture_2024-06-15_11-16-18.pcap,2024-06-15_11-16-18,223.104.40.128,中国,北京市,海淀区
40.027202769477,116.30877456083,https,北京市 北京市 海淀区 树村路 ,pcap_data/223.104.40.128_capture_2024-06-15_11-43-12.pcap,2024-06-15_11-43-12,223.104.40.128,中国,北京市,海淀区
39.999592252263,116.33664746451,https,北京市 北京市 海淀区 中关村东路 1号院-8,pcap_data/223.104.40.236_capture_2024-06-15_19-37-45.pcap,2024-06-15_19-37-45,223.104.40.236,中国,北京市,海淀区
39.999598051674,116.33666596727,https,北京市 北京市 海淀区 中关村东路 1号院-8,pcap_data/223.104.40.236_capture_2024-06-15_19-51-22.pcap,2024-06-15_19-51-22,223.104.40.236,中国,北京市,海淀区
39.999598051674,116.33666596727,https,北京市 北京市 海淀区 中关村东路 1号院-8,pcap_data/223.104.40.236_capture_2024-06-15_19-55-00.pcap,2024-06-15_19-55-00,223.104.40.236,中国,北京市,海淀区
39.999598051674,116.33666596727,https,北京市 北京市 海淀区 中关村东路 1号院-8,pcap_data/223.104.40.236_capture_2024-06-15_19-56-24.pcap,2024-06-15_19-56-24,223.104.40.236,中国,北京市,海淀区
39.999598051674,116.33666596727,https,北京市 北京市 海淀区 中关村东路 1号院-8,pcap_data/223.104.40.236_capture_2024-06-15_19-57-05.pcap,2024-06-15_19-57-05,223.104.40.236,中国,北京市,海淀区
39.999598051674,116.33666596727,https,北京市 北京市 海淀区 中关村东路 1号院-8,pcap_data/223.104.40.236_capture_2024-06-15_19-59-16.pcap,2024-06-15_19-59-16,223.104.40.236,中国,北京市,海淀区
39.990020461753,116.33996087975,https,北京市 北京市 海淀区 中关村东路 75号,pcap_data/223.104.40.236_capture_2024-06-15_20-34-50.pcap,2024-06-15_20-34-50,223.104.40.236,中国,北京市,海淀区
39.991736539395,116.33425199928,https,北京市 北京市 海淀区 北四环西路 17号,pcap_data/223.104.40.236_capture_2024-06-15_20-36-30.pcap,2024-06-15_20-36-30,223.104.40.236,中国,北京市,海淀区
39.993223892468,116.32893174059,https,北京市 北京市 海淀区 北四环西路 33,pcap_data/223.104.40.130_capture_2024-06-15_23-26-28.pcap,2024-06-15_23-26-28,223.104.40.130,中国,北京市,海淀区
39.993162255962,116.32884230933,https,北京市 北京市 海淀区 北四环西路 33号-112房间,pcap_data/223.104.41.11_capture_2024-06-15_23-32-21.pcap,2024-06-15_23-32-21,223.104.41.11,中国,北京市,海淀区
40.028008094273,116.30841936355,https,北京市 北京市 海淀区 树村街 49号,pcap_data/223.104.41.11_capture_2024-06-18_12-04-56.pcap,2024-06-18_12-04-56,223.104.41.11,中国,北京市,海淀区
40.028801963637,116.30819705541,https,北京市 北京市 海淀区 树村街 甲9号,pcap_data/223.104.41.11_capture_2024-06-18_12-06-09.pcap,2024-06-18_12-06-09,223.104.41.11,中国,北京市,海淀区
40.030226535769,116.30759441269,https,北京市 北京市 海淀区 农大南路 33号3楼,pcap_data/223.104.41.11_capture_2024-06-18_12-08-24.pcap,2024-06-18_12-08-24,223.104.41.11,中国,北京市,海淀区
40.030908711866,116.30534364202,https,北京市 北京市 海淀区 农大南路 33号,pcap_data/223.104.41.48_capture_2024-06-18_12-14-39.pcap,2024-06-18_12-14-39,223.104.41.48,中国,北京市,海淀区
40.031916130739,116.3200003889,https,北京市 北京市 海淀区 信息路 40号,pcap_data/223.104.40.192_capture_2024-06-18_12-20-06.pcap,2024-06-18_12-20-06,223.104.40.192,中国,北京市,海淀区
40.027875275802,116.32050922667,https,北京市 北京市 海淀区 信息路 21号,pcap_data/223.104.40.192_capture_2024-06-18_12-21-27.pcap,2024-06-18_12-21-27,223.104.40.192,中国,北京市,海淀区
40.022292329751,116.32408411094,https,北京市 北京市 海淀区 中关村北大街 25号,pcap_data/223.104.40.192_capture_2024-06-18_12-23-52.pcap,2024-06-18_12-23-52,223.104.40.192,中国,北京市,海淀区
40.018016143074,116.32495108125,https,北京市 北京市 海淀区 中关村北大街 95号,pcap_data/223.104.40.192_capture_2024-06-18_12-24-58.pcap,2024-06-18_12-24-58,223.104.40.192,中国,北京市,海淀区
40.018016143074,116.32495108125,https,北京市 北京市 海淀区 中关村北大街 95号,pcap_data/223.104.40.192_capture_2024-06-18_12-25-06.pcap,2024-06-18_12-25-06,223.104.40.192,中国,北京市,海淀区
40.010998699699,116.32181919388,https,北京市 北京市 海淀区 水磨西街 临时66号,pcap_data/223.104.40.192_capture_2024-06-18_12-28-27.pcap,2024-06-18_12-28-27,223.104.40.192,中国,北京市,海淀区
40.001763544493,116.3218310033,https,北京市 北京市 海淀区 中关村北大街 104号,pcap_data/223.104.40.192_capture_2024-06-18_12-31-45.pcap,2024-06-18_12-31-45,223.104.40.192,中国,北京市,海淀区
39.996966229296,116.32234463103,https,北京市 北京市 海淀区 中关村北大街 138号,pcap_data/223.104.40.192_capture_2024-06-18_12-32-57.pcap,2024-06-18_12-32-57,223.104.40.192,中国,北京市,海淀区
39.98779622336,116.32307075954,https,北京市 北京市 海淀区 中关村大街 9号,pcap_data/223.104.40.192_capture_2024-06-18_12-35-19.pcap,2024-06-18_12-35-19,223.104.40.192,中国,北京市,海淀区
39.984193417125,116.32270797103,https,北京市 北京市 海淀区 海淀路 141号,pcap_data/223.104.40.192_capture_2024-06-18_12-36-58.pcap,2024-06-18_12-36-58,223.104.40.192,中国,北京市,海淀区
39.984193417125,116.32270797103,https,北京市 北京市 海淀区 海淀路 141号,pcap_data/223.104.40.192_capture_2024-06-18_12-47-03.pcap,2024-06-18_12-47-03,223.104.40.192,中国,北京市,海淀区
39.984193417125,116.32270797103,https,北京市 北京市 海淀区 海淀路 141号,pcap_data/223.104.40.192_capture_2024-06-18_12-48-40.pcap,2024-06-18_12-48-40,223.104.40.192,中国,北京市,海淀区
39.984193417125,116.32270797103,https,北京市 北京市 海淀区 海淀路 141号,pcap_data/223.104.40.192_capture_2024-06-18_12-48-46.pcap,2024-06-18_12-48-46,223.104.40.192,中国,北京市,海淀区
39.984193417125,116.32270797103,https,北京市 北京市 海淀区 海淀路 141号,pcap_data/117.136.38.162_capture_2024-06-18_12-53-37.pcap,2024-06-18_12-53-37,117.136.38.162,中国,北京市,海淀区
39.984193417125,116.32270797103,https,北京市 北京市 海淀区 海淀路 141号,pcap_data/117.136.38.162_capture_2024-06-18_12-53-46.pcap,2024-06-18_12-53-46,117.136.38.162,中国,北京市,海淀区
39.984193417125,116.32270797103,https,北京市 北京市 海淀区 海淀路 141号,pcap_data/223.104.40.224_capture_2024-06-18_13-02-15.pcap,2024-06-18_13-02-15,223.104.40.224,中国,北京市,海淀区
39.984193417125,116.32270797103,https,北京市 北京市 海淀区 海淀路 141号,pcap_data/223.104.40.224_capture_2024-06-18_13-03-23.pcap,2024-06-18_13-03-23,223.104.40.224,中国,北京市,海淀区
39.89370527779,116.32633485719,https,北京市 北京市 丰台区 西客站南路 1号,pcap_data/223.104.40.224_capture_2024-06-18_13-11-40.pcap,2024-06-18_13-11-40,223.104.40.224,中国,北京市,丰台区
39.874353175226,116.31628982957,https,北京市 北京市 丰台区 西局南街 111号,pcap_data/223.104.40.224_capture_2024-06-18_13-14-09.pcap,2024-06-18_13-14-09,223.104.40.224,中国,北京市,丰台区
39.864407272069,116.30955114237,https,北京市 北京市 丰台区 丰管路 5号院-5号楼,pcap_data/223.104.40.224_capture_2024-06-18_13-15-28.pcap,2024-06-18_13-15-28,223.104.40.224,中国,北京市,丰台区
39.846222373105,116.32376260509,https,北京市 北京市 丰台区  ,pcap_data/223.104.40.224_capture_2024-06-18_13-20-13.pcap,2024-06-18_13-20-13,223.104.40.224,中国,北京市,丰台区
39.853059244393,116.35635805991,https,北京市 北京市 丰台区 草桥西路 ,pcap_data/223.104.41.41_capture_2024-06-18_13-57-13.pcap,2024-06-18_13-57-13,223.104.41.41,中国,北京市,丰台区
39.853059244393,116.35635805991,https,北京市 北京市 丰台区 草桥西路 ,pcap_data/223.104.41.41_capture_2024-06-18_13-58-51.pcap,2024-06-18_13-58-51,223.104.41.41,中国,北京市,丰台区
39.853059244393,116.35635805991,https,北京市 北京市 丰台区 草桥西路 ,pcap_data/223.104.41.41_capture_2024-06-18_14-00-12.pcap,2024-06-18_14-00-12,223.104.41.41,中国,北京市,丰台区
39.864005651289,116.37475313799,https,北京市 北京市 丰台区  ,pcap_data/223.104.41.41_capture_2024-06-18_14-01-32.pcap,2024-06-18_14-01-32,223.104.41.41,中国,北京市,丰台区
39.861749271498,116.37727487588,https,北京市 北京市 丰台区 马家堡西路辅路 ,pcap_data/223.104.41.41_capture_2024-06-18_14-02-41.pcap,2024-06-18_14-02-41,223.104.41.41,中国,北京市,丰台区
39.756990153978,116.36988438528,https,北京市 北京市 大兴区 广平大街辅路 ,pcap_data/223.104.41.41_capture_2024-06-18_14-04-54.pcap,2024-06-18_14-04-54,223.104.41.41,中国,北京市,大兴区
39.751772564708,116.37191172156,https,北京市 北京市 大兴区  ,pcap_data/223.104.41.41_capture_2024-06-18_14-06-00.pcap,2024-06-18_14-06-00,223.104.41.41,中国,北京市,大兴区
39.69481666422,116.37662128639,https,北京市 北京市 大兴区 桂大路 ,pcap_data/223.104.41.41_capture_2024-06-18_14-08-24.pcap,2024-06-18_14-08-24,223.104.41.41,中国,北京市,大兴区
39.641826791091,116.38980958347,https,北京市 北京市 大兴区 桂大路 ,pcap_data/223.104.41.41_capture_2024-06-18_14-10-49.pcap,2024-06-18_14-10-49,223.104.41.41,中国,北京市,大兴区
39.641733584449,116.38983606791,https,北京市 北京市 大兴区 桂大路 ,pcap_data/223.104.41.41_capture_2024-06-18_14-12-08.pcap,2024-06-18_14-12-08,223.104.41.41,中国,北京市,大兴区
39.850958002241,116.42851262951,https,北京市 北京市 丰台区 石榴庄西街 6号,pcap_data/223.104.40.30_capture_2024-06-18_17-53-07.pcap,2024-06-18_17-53-07,223.104.40.30,中国,北京市,丰台区
39.901824513906,116.42551283798,https,北京市 北京市 东城区 崇文门外大街 80号,pcap_data/223.104.40.30_capture_2024-06-18_18-10-32.pcap,2024-06-18_18-10-32,223.104.40.30,中国,北京市,东城区
39.902245700157,116.42522420102,https,北京市 北京市 东城区 崇文门外大街 30号,pcap_data/223.104.40.30_capture_2024-06-18_18-11-56.pcap,2024-06-18_18-11-56,223.104.40.30,中国,北京市,东城区
39.904299063034,116.42539970413,https,北京市 北京市 东城区 崇文门外大街 18-12,pcap_data/223.104.40.30_capture_2024-06-18_18-19-28.pcap,2024-06-18_18-19-28,223.104.40.30,中国,北京市,东城区
39.904328014421,116.42725314685,https,北京市 北京市 东城区 崇文门外大街 18,pcap_data/223.104.40.30_capture_2024-06-18_18-20-39.pcap,2024-06-18_18-20-39,223.104.40.30,中国,北京市,东城区
39.903410193928,116.42649906768,https,北京市 北京市 东城区 外大街 18-南门,pcap_data/223.104.40.30_capture_2024-06-18_18-21-46.pcap,2024-06-18_18-21-46,223.104.40.30,中国,北京市,东城区
39.903433989381,116.4256677962,https,北京市 北京市 东城区 西花市大街 25号,pcap_data/223.104.40.30_capture_2024-06-18_18-23-02.pcap,2024-06-18_18-23-02,223.104.40.30,中国,北京市,东城区
39.898953774506,116.4106952292,https,北京市 北京市 东城区 珠市口东大街 15-2号,pcap_data/223.104.40.30_capture_2024-06-18_18-28-09.pcap,2024-06-18_18-28-09,223.104.40.30,中国,北京市,东城区
39.896564842487,116.40050710471,https,北京市 北京市 西城区 珠市口西大街 86号,pcap_data/223.104.40.30_capture_2024-06-18_18-37-05.pcap,2024-06-18_18-37-05,223.104.40.30,中国,北京市,西城区
39.899808801402,116.40732838839,https,北京市 北京市 东城区 冰窖厂胡同 12号,pcap_data/223.104.40.30_capture_2024-06-18_18-39-08.pcap,2024-06-18_18-39-08,223.104.40.30,中国,北京市,东城区
39.901433045182,116.40638269088,https,北京市 北京市 东城区 大江胡同 126号,pcap_data/223.104.40.30_capture_2024-06-18_18-44-08.pcap,2024-06-18_18-44-08,223.104.40.30,中国,北京市,东城区
39.901391592899,116.4053618517,https,北京市 北京市 东城区 大江胡同 144号,pcap_data/223.104.40.30_capture_2024-06-18_18-45-17.pcap,2024-06-18_18-45-17,223.104.40.30,中国,北京市,东城区
39.901226226433,116.40541678854,https,北京市 北京市 东城区 果子胡同 东75号院,pcap_data/223.104.41.48_capture_2024-06-18_19-06-59.pcap,2024-06-18_19-06-59,223.104.41.48,中国,北京市,东城区
39.901242501927,116.40542192539,https,北京市 北京市 东城区 果子胡同 东75号院,pcap_data/223.104.41.48_capture_2024-06-18_19-08-10.pcap,2024-06-18_19-08-10,223.104.41.48,中国,北京市,东城区
39.901092564393,116.40544864493,https,北京市 北京市 东城区 果子胡同 东75号院,pcap_data/223.104.41.48_capture_2024-06-18_19-09-29.pcap,2024-06-18_19-09-29,223.104.41.48,中国,北京市,东城区
39.901370807628,116.40546410694,https,北京市 北京市 东城区 大江胡同 155号,pcap_data/223.104.41.48_capture_2024-06-18_19-11-53.pcap,2024-06-18_19-11-53,223.104.41.48,中国,北京市,东城区
39.901555824385,116.40526217356,https,北京市 北京市 东城区 布巷子胡同 18号,pcap_data/223.104.41.48_capture_2024-06-18_19-15-17.pcap,2024-06-18_19-15-17,223.104.41.48,中国,北京市,东城区
39.904613940548,116.4016745343,https,北京市 北京市 西城区 三富胡同 11号,pcap_data/223.104.41.48_capture_2024-06-18_21-11-14.pcap,2024-06-18_21-11-14,223.104.41.48,中国,北京市,西城区
39.9046017049,116.40166723338,https,北京市 北京市 西城区 三富胡同 11号,pcap_data/223.104.41.48_capture_2024-06-18_21-12-30.pcap,2024-06-18_21-12-30,223.104.41.48,中国,北京市,西城区
39.904411625299,116.4017316142,https,北京市 北京市 西城区 三富胡同 19号,pcap_data/223.104.41.48_capture_2024-06-18_21-29-10.pcap,2024-06-18_21-29-10,223.104.41.48,中国,北京市,西城区
39.905118703936,116.40163719829,https,北京市 北京市 西城区 西河沿街 54号,pcap_data/223.104.41.48_capture_2024-06-18_21-30-50.pcap,2024-06-18_21-30-50,223.104.41.48,中国,北京市,西城区
39.905130384407,116.40170219144,https,北京市 北京市 西城区 西河沿街 54号,pcap_data/223.104.41.48_capture_2024-06-18_21-32-25.pcap,2024-06-18_21-32-25,223.104.41.48,中国,北京市,西城区
39.904333789353,116.40109740482,https,北京市 北京市 西城区 三富胡同 29号,pcap_data/223.104.41.48_capture_2024-06-18_21-35-18.pcap,2024-06-18_21-35-18,223.104.41.48,中国,北京市,西城区
39.903604811261,116.40077182186,https,北京市 北京市 西城区 廊房头条 66号,pcap_data/223.104.41.48_capture_2024-06-18_21-37-04.pcap,2024-06-18_21-37-04,223.104.41.48,中国,北京市,西城区
39.902306646592,116.40258320693,https,北京市 北京市 西城区 大栅栏商业街 15-3号,pcap_data/223.104.41.48_capture_2024-06-18_22-02-05.pcap,2024-06-18_22-02-05,223.104.41.48,中国,北京市,西城区
39.902420568077,116.4042064044,https,北京市 北京市 西城区 珠宝市街 48号,pcap_data/223.104.41.48_capture_2024-06-18_22-06-06.pcap,2024-06-18_22-06-06,223.104.41.48,中国,北京市,西城区
39.90337101948,116.40547138288,https,北京市 北京市 东城区 肉市街 东47号院,pcap_data/223.104.41.48_capture_2024-06-18_22-12-46.pcap,2024-06-18_22-12-46,223.104.41.48,中国,北京市,东城区
39.899075467891,116.40458179138,https,北京市 北京市 东城区 前门大街 135号,pcap_data/223.104.40.163_capture_2024-06-18_22-37-31.pcap,2024-06-18_22-37-31,223.104.40.163,中国,北京市,东城区
39.897912809837,116.40468668658,https,北京市 北京市 东城区 珠市口西大街 临21号,pcap_data/223.104.40.163_capture_2024-06-18_22-40-44.pcap,2024-06-18_22-40-44,223.104.40.163,中国,北京市,东城区
40.005608912169,116.3168111058,https,北京市 北京市 海淀区 清华西路 ,pcap_data/223.104.40.163_capture_2024-06-18_23-35-01.pcap,2024-06-18_23-35-01,223.104.40.163,中国,北京市,海淀区
40.005608912169,116.3168111058,https,北京市 北京市 海淀区 清华西路 ,pcap_data/223.104.40.163_capture_2024-06-18_23-35-55.pcap,2024-06-18_23-35-55,223.104.40.163,中国,北京市,海淀区
40.005824105887,116.32118204842,https,北京市 北京市 海淀区 清华西路 53号,pcap_data/223.104.40.163_capture_2024-06-18_23-37-56.pcap,2024-06-18_23-37-56,223.104.40.163,中国,北京市,海淀区
40.011965209494,116.32447294574,https,北京市 北京市 海淀区 中关村北大街 ,pcap_data/223.104.40.163_capture_2024-06-18_23-39-04.pcap,2024-06-18_23-39-04,223.104.40.163,中国,北京市,海淀区
40.026320685367,116.32084400701,https,北京市 北京市 海淀区 信息路 52号,pcap_data/223.104.40.163_capture_2024-06-18_23-42-02.pcap,2024-06-18_23-42-02,223.104.40.163,中国,北京市,海淀区
40.028125104945,116.30847654046,https,北京市 北京市 海淀区 树村街 49号,pcap_data/223.104.40.163_capture_2024-06-19_07-43-31.pcap,2024-06-19_07-43-31,223.104.40.163,中国,北京市,海淀区
40.028140962324,116.30851772102,https,北京市 北京市 海淀区 树村街 49号,pcap_data/223.104.40.163_capture_2024-06-19_07-47-33.pcap,2024-06-19_07-47-33,223.104.40.163,中国,北京市,海淀区
40.028140962324,116.30851772102,https,北京市 北京市 海淀区 树村街 49号,pcap_data/223.104.40.163_capture_2024-06-19_07-48-53.pcap,2024-06-19_07-48-53,223.104.40.163,中国,北京市,海淀区
40.028140962324,116.30851772102,https,北京市 北京市 海淀区 树村街 49号,pcap_data/223.104.40.163_capture_2024-06-19_08-01-08.pcap,2024-06-19_08-01-08,223.104.40.163,中国,北京市,海淀区
40.028140962324,116.30851772102,https,北京市 北京市 海淀区 树村街 49号,pcap_data/223.104.40.163_capture_2024-06-19_08-02-20.pcap,2024-06-19_08-02-20,223.104.40.163,中国,北京市,海淀区
39.990339483851,116.3131363389,https,北京市 北京市 海淀区 海淀西大街 36号205号,pcap_data/223.104.40.163_capture_2024-06-19_08-04-54.pcap,2024-06-19_08-04-54,223.104.40.163,中国,北京市,海淀区
39.990255453676,116.31314750499,https,北京市 北京市 海淀区 海淀西大街 36号205号,pcap_data/223.104.40.163_capture_2024-06-19_16-53-38.pcap,2024-06-19_16-53-38,223.104.40.163,中国,北京市,海淀区
39.990287322958,116.31317071486,https,北京市 北京市 海淀区 海淀西大街 36号205号,pcap_data/223.104.40.163_capture_2024-06-19_16-55-05.pcap,2024-06-19_16-55-05,223.104.40.163,中国,北京市,海淀区
39.990280568962,116.31313877813,https,北京市 北京市 海淀区 海淀西大街 36号205号,pcap_data/223.104.40.69_capture_2024-06-19_17-08-06.pcap,2024-06-19_17-08-06,223.104.40.69,中国,北京市,海淀区
39.990254280658,116.31315241768,https,北京市 北京市 海淀区 海淀西大街 36号205号,pcap_data/223.104.40.69_capture_2024-06-19_17-26-49.pcap,2024-06-19_17-26-49,223.104.40.69,中国,北京市,海淀区
39.990330102663,116.31311477342,https,北京市 北京市 海淀区 海淀西大街 36号205号,pcap_data/223.104.40.69_capture_2024-06-19_17-29-05.pcap,2024-06-19_17-29-05,223.104.40.69,中国,北京市,海淀区
39.990330102663,116.31311477342,https,北京市 北京市 海淀区 海淀西大街 36号205号,pcap_data/223.104.40.69_capture_2024-06-19_17-30-50.pcap,2024-06-19_17-30-50,223.104.40.69,中国,北京市,海淀区
39.984193417125,116.32270797103,https,北京市 北京市 海淀区 海淀路 141号,pcap_data/223.104.40.192_capture_2024-06-18_12-51-00.pcap,2024-06-18_12-51-00,223.104.40.192,中国,北京市,海淀区
39.965585813002,116.30531996056,https,北京市 北京市 海淀区 长春桥路 17号,pcap_data/223.104.41.130_capture_2024-06-19_20-28-02.pcap,2024-06-19_20-28-02,223.104.41.130,中国,北京市,海淀区
39.965585813002,116.30531996056,https,北京市 北京市 海淀区 长春桥路 17号,pcap_data/223.104.41.130_capture_2024-06-19_20-28-10.pcap,2024-06-19_20-28-10,223.104.41.130,中国,北京市,海淀区
39.965585813002,116.30531996056,https,北京市 北京市 海淀区 长春桥路 17号,pcap_data/223.104.41.130_capture_2024-06-19_20-30-50.pcap,2024-06-19_20-30-50,223.104.41.130,中国,北京市,海淀区
39.965858902507,116.29504057135,https,北京市 北京市 海淀区 远大路 1号-地下1层-东b101-t区-26号,pcap_data/223.104.41.130_capture_2024-06-19_21-20-13.pcap,2024-06-19_21-20-13,223.104.41.130,中国,北京市,海淀区
39.965853269137,116.29506640727,https,北京市 北京市 海淀区 远大路 1号-地下1层-东b101-t区-26号,pcap_data/223.104.41.130_capture_2024-06-19_21-25-47.pcap,2024-06-19_21-25-47,223.104.41.130,中国,北京市,海淀区
39.965853275656,116.29506559122,https,北京市 北京市 海淀区 远大路 1号-地下1层-东b101-t区-26号,pcap_data/223.104.40.5_capture_2024-06-19_21-29-05.pcap,2024-06-19_21-29-05,223.104.40.5,中国,北京市,海淀区
39.965823160915,116.29523312779,https,北京市 北京市 海淀区 远大路 1号-地下1层-东b101-t区-26号,pcap_data/223.104.40.5_capture_2024-06-19_21-34-08.pcap,2024-06-19_21-34-08,223.104.40.5,中国,北京市,海淀区
39.965821733301,116.29524183135,https,北京市 北京市 海淀区 远大路 1号-地下1层-东b101-t区-26号,pcap_data/223.104.40.5_capture_2024-06-19_21-36-38.pcap,2024-06-19_21-36-38,223.104.40.5,中国,北京市,海淀区
39.965836053767,116.29497907408,https,北京市 北京市 海淀区 远大路 1号-地下1层-东b101-t区-26号,pcap_data/223.104.40.5_capture_2024-06-19_21-55-07.pcap,2024-06-19_21-55-07,223.104.40.5,中国,北京市,海淀区
39.965793960913,116.29491429488,https,北京市 北京市 海淀区 远大路 1号-地下1层-东b101-t区-26号,pcap_data/223.104.41.105_capture_2024-06-19_21-57-28.pcap,2024-06-19_21-57-28,223.104.41.105,中国,北京市,海淀区
39.963635883386,116.29613777177,https,北京市 北京市 海淀区 远大路 14号,pcap_data/223.104.41.149_capture_2024-06-19_22-14-44.pcap,2024-06-19_22-14-44,223.104.41.149,中国,北京市,海淀区
39.968949330012,116.31472585656,https,北京市 北京市 海淀区 万泉河路 115号201202室,pcap_data/223.104.41.109_capture_2024-06-19_22-27-04.pcap,2024-06-19_22-27-04,223.104.41.109,中国,北京市,海淀区
39.970108859623,116.3153706483,https,北京市 北京市 海淀区 万泉河路 78号,pcap_data/223.104.41.109_capture_2024-06-19_22-36-43.pcap,2024-06-19_22-36-43,223.104.41.109,中国,北京市,海淀区
39.994957297368,116.31165239792,https,北京市 北京市 海淀区 颐和园路 10号,pcap_data/223.104.41.109_capture_2024-06-19_22-45-50.pcap,2024-06-19_22-45-50,223.104.41.109,中国,北京市,海淀区
40.003312200163,116.30232167919,https,北京市 北京市 海淀区 颐和园路 甲37号,pcap_data/223.104.41.109_capture_2024-06-19_22-49-22.pcap,2024-06-19_22-49-22,223.104.41.109,中国,北京市,海淀区
40.003195979228,116.30171729925,https,北京市 北京市 海淀区 颐和园路 112号,pcap_data/223.104.41.109_capture_2024-06-19_22-50-48.pcap,2024-06-19_22-50-48,223.104.41.109,中国,北京市,海淀区
40.008005911939,116.29543885862,https,北京市 北京市 海淀区 圆明园西路 395号,pcap_data/223.104.41.109_capture_2024-06-19_22-52-25.pcap,2024-06-19_22-52-25,223.104.41.109,中国,北京市,海淀区
40.019015408039,116.29354241476,https,北京市 北京市 海淀区 圆明园西路 25号,pcap_data/223.104.41.109_capture_2024-06-19_22-56-09.pcap,2024-06-19_22-56-09,223.104.41.109,中国,北京市,海淀区
40.028696522599,116.29222056407,https,北京市 北京市 海淀区 农大南路 2号,pcap_data/223.104.40.162_capture_2024-06-24_14-43-54.pcap,2024-06-24_14-43-54,223.104.40.162,中国,北京市,海淀区
40.028696522599,116.29222056407,https,北京市 北京市 海淀区 农大南路 2号,pcap_data/223.104.40.162_capture_2024-06-24_14-44-01.pcap,2024-06-24_14-44-01,223.104.40.162,中国,北京市,海淀区
40.027627549341,116.28894512383,https,北京市 北京市 海淀区 农大南路 3号,pcap_data/223.104.40.162_capture_2024-06-24_14-45-19.pcap,2024-06-24_14-45-19,223.104.40.162,中国,北京市,海淀区
40.003464138451,116.30872279344,https,北京市 北京市 海淀区 颐和园路 15号,pcap_data/223.104.40.162_capture_2024-06-24_14-56-56.pcap,2024-06-24_14-56-56,223.104.40.162,中国,北京市,海淀区
39.993126221492,116.31146416621,https,北京市 北京市 海淀区 颐和园路 2-1,pcap_data/223.104.40.5_capture_2024-06-24_22-04-26.pcap,2024-06-24_22-04-26,223.104.40.5,中国,北京市,海淀区
39.991231084495,116.31932769459,https,北京市 北京市 海淀区 北四环西路 78号,pcap_data/223.104.40.5_capture_2024-06-24_22-08-21.pcap,2024-06-24_22-08-21,223.104.40.5,中国,北京市,海淀区
39.990741562791,116.33996026171,https,北京市 北京市 海淀区 中关村东路 58号,pcap_data/223.104.40.5_capture_2024-06-24_22-42-50.pcap,2024-06-24_22-42-50,223.104.40.5,中国,北京市,海淀区
40.001585818056,116.32195904743,https,北京市 北京市 海淀区 中关村北大街 106号,pcap_data/223.104.40.5_capture_2024-06-24_23-04-13.pcap,2024-06-24_23-04-13,223.104.40.5,中国,北京市,海淀区
40.010510188852,116.32179278821,https,北京市 北京市 海淀区 水磨西街 62号,pcap_data/223.104.40.5_capture_2024-06-24_23-09-04.pcap,2024-06-24_23-09-04,223.104.40.5,中国,北京市,海淀区
40.032003679278,116.3200786401,https,北京市 北京市 海淀区 上地信息路 28号,pcap_data/223.104.40.5_capture_2024-06-24_23-18-05.pcap,2024-06-24_23-18-05,223.104.40.5,中国,北京市,海淀区
